id,travel_id,tram_no,tram_model,wheelchair,seating,standing,date,weekday,day_of_week,precipitation,thunder,wind,temperature,stop,time,train,interval,interval_same,inbound,outbound
0,1,5,ktm_23,1,33,94,2024-09-26,WDS,THU,0,0,0,18,0300aF,08:54,14,10.5,15.5,36,0
1,1,5,ktm_23,1,33,94,2024-09-26,WDS,THU,0,0,0,18,0301aF,08:56,,10.5,15.5,5,0
2,1,5,ktm_23,1,33,94,2024-09-26,WDS,THU,0,0,0,18,0302aF,08:58,,11,15.5,0,2
3,1,5,ktm_23,1,33,94,2024-09-26,WDS,THU,0,0,0,18,0303aF,08:59,,11,15.5,0,1
4,1,5,ktm_23,1,33,94,2024-09-26,WDS,THU,0,0,0,18,0200aB,09:02,,5,15.5,1,13
5,1,5,ktm_23,1,33,94,2024-09-26,WDS,THU,0,0,0,18,0600aF,09:05,,6,15.5,0,3
6,1,5,ktm_23,1,33,94,2024-09-26,WDS,THU,0,0,0,18,0601aF,09:07,,6,15.5,1,1
7,1,5,ktm_23,1,33,94,2024-09-26,WDS,THU,0,0,0,18,0602aF,09:09,,6,15.5,0,7
8,1,5,ktm_23,1,33,94,2024-09-26,WDS,THU,0,0,0,18,0700aA,09:10,,6,15.5,1,3
9,1,5,ktm_23,1,33,94,2024-09-26,WDS,THU,0,0,0,18,0503aB,09:13,,6,15.5,0,0
10,1,5,ktm_23,1,33,94,2024-09-26,WDS,THU,0,0,0,18,0502aB,09:14,,5.5,15.5,0,8
11,1,5,ktm_23,1,33,94,2024-09-26,WDS,THU,0,0,0,18,0501aB,09:15,,6,15.5,0,2
12,1,5,ktm_23,1,33,94,2024-09-26,WDS,THU,0,0,0,18,0500aB,09:16,,6,15.5,0,4
13,2,1,ktm_19,0,30,96,2024-09-26,WDS,THU,0,0,0,18,0500aF,09:18,,4.5,11,0,2
14,2,1,ktm_19,0,30,96,2024-09-26,WDS,THU,0,0,0,18,0501aF,09:19,,4.5,11,2,0
15,2,1,ktm_19,0,30,96,2024-09-26,WDS,THU,0,0,0,18,0502aF,09:21,,4,11,1,4
16,2,1,ktm_19,0,30,96,2024-09-26,WDS,THU,0,0,0,18,0503aF,09:22,,4.5,11,6,2
17,2,1,ktm_19,0,30,96,2024-09-26,WDS,THU,0,0,0,18,0700aC,09:24,,6,11,5,2
18,2,1,ktm_19,0,30,96,2024-09-26,WDS,THU,0,0,0,18,0602aB,09:26,,4.5,11,3,1
19,2,1,ktm_19,0,30,96,2024-09-26,WDS,THU,0,0,0,18,0601aB,09:28,,4,11,3,1
20,2,1,ktm_19,0,30,96,2024-09-26,WDS,THU,0,0,0,18,0600aB,09:31,,4,11,3,2
21,2,1,ktm_19,0,30,96,2024-09-26,WDS,THU,0,0,0,18,0103aB,09:35,,5.5,11,4,10
22,2,1,ktm_19,0,30,96,2024-09-26,WDS,THU,0,0,0,18,0102aB,09:36,,5.5,11,0,3
23,2,1,ktm_19,0,30,96,2024-09-26,WDS,THU,0,0,0,18,0101aB,09:37,,5.5,11,0,12
24,2,1,ktm_19,0,30,96,2024-09-26,WDS,THU,0,0,0,18,0100aB,09:40,,6,11,0,2
25,3,3,71_407,1,27,96,2024-09-26,WDS,THU,0,0,0,19,0100aF,09:50,,2,12,3,0
26,3,3,71_407,1,27,96,2024-09-26,WDS,THU,0,0,0,19,0101aF,09:51,,2.5,12,21,1
27,3,3,71_407,1,27,96,2024-09-26,WDS,THU,0,0,0,19,0102aF,09:53,,2.5,12,0,1
28,3,3,71_407,1,27,96,2024-09-26,WDS,THU,0,0,0,19,0103aF,09:55,,2.5,12,10,6
29,3,3,71_407,1,27,96,2024-09-26,WDS,THU,0,0,0,19,0600aF,09:58,,6.5,12,2,1
30,3,3,71_407,1,27,96,2024-09-26,WDS,THU,0,0,0,19,0601aF,10:01,,6.5,12,3,1
31,3,3,71_407,1,27,96,2024-09-26,WDS,THU,0,0,0,19,0602aF,10:03,,9.5,12,2,5
32,3,3,71_407,1,27,96,2024-09-26,WDS,THU,0,0,0,19,0700aA,10:05,,12,12,5,5
33,3,3,71_407,1,27,96,2024-09-26,WDS,THU,0,0,0,19,0503aB,10:07,,6.5,12,4,1
34,3,3,71_407,1,27,96,2024-09-26,WDS,THU,0,0,0,19,0502aB,10:08,,6,12,6,11
35,3,3,71_407,1,27,96,2024-09-26,WDS,THU,0,0,0,19,0501aB,10:10,,6.5,12,2,5
36,3,3,71_407,1,27,96,2024-09-26,WDS,THU,0,0,0,19,0500aB,10:11,,7,12,3,0
37,3,3,71_407,1,27,96,2024-09-26,WDS,THU,0,0,0,19,0410aB,10:13,,12,12,2,6
38,3,3,71_407,1,27,96,2024-09-26,WDS,THU,0,0,0,19,0409aB,10:16,,12,12,3,3
39,3,3,71_407,1,27,96,2024-09-26,WDS,THU,0,0,0,19,0408aB,10:17,,6,12,1,1
40,3,3,71_407,1,27,96,2024-09-26,WDS,THU,0,0,0,19,0407aB,10:18,,6,12,0,0
41,3,3,71_407,1,27,96,2024-09-26,WDS,THU,0,0,0,19,0406aB,10:20,,6,12,2,4
42,3,3,71_407,1,27,96,2024-09-26,WDS,THU,0,0,0,19,0405aB,10:22,,6,12,7,3
43,3,3,71_407,1,27,96,2024-09-26,WDS,THU,0,0,0,19,0404aB,10:24,,6,12,13,10
44,3,3,71_407,1,27,96,2024-09-26,WDS,THU,0,0,0,19,0403aB,10:26,,6,12,6,3
45,3,3,71_407,1,27,96,2024-09-26,WDS,THU,0,0,0,19,0402aB,10:27,,6,12,2,2
46,3,3,71_407,1,27,96,2024-09-26,WDS,THU,0,0,0,19,0401aB,10:28,,6,12,1,1
47,3,3,71_407,1,27,96,2024-09-26,WDS,THU,0,0,0,19,0400aB,10:30,,6,12,8,1
48,3,3,71_407,1,27,96,2024-09-26,WDS,THU,0,0,0,19,0200aB,10:33,,6,12,4,6
49,4,2,71_407,1,27,96,2024-09-26,WDS,THU,0,0,0,19,0200aF,10:50,,2.5,12,2,7
50,4,2,71_407,1,27,96,2024-09-26,WDS,THU,0,0,0,19,0400aF,10:51,,5.5,12,3,8
51,4,2,71_407,1,27,96,2024-09-26,WDS,THU,0,0,0,19,0401aF,10:53,,5.5,12,0,0
52,4,2,71_407,1,27,96,2024-09-26,WDS,THU,0,0,0,19,0402aF,10:55,,5.5,12,2,1
53,4,2,71_407,1,27,96,2024-09-26,WDS,THU,0,0,0,19,0403aF,10:57,,5.5,12,5,4
54,4,2,71_407,1,27,96,2024-09-26,WDS,THU,0,0,0,19,0404aF,11:01,25,11,12,4,9
55,4,2,71_407,1,27,96,2024-09-26,WDS,THU,0,0,0,19,0405aF,11:03,,5.5,12,2,1
56,4,2,71_407,1,27,96,2024-09-26,WDS,THU,0,0,0,19,0406aF,11:04,,5.5,12,0,2
57,4,2,71_407,1,27,96,2024-09-26,WDS,THU,0,0,0,19,0407aF,11:05,,5.5,12,0,0
58,4,2,71_407,1,27,96,2024-09-26,WDS,THU,0,0,0,19,0408aF,11:06,,5.5,12,1,0
59,4,2,71_407,1,27,96,2024-09-26,WDS,THU,0,0,0,19,0409aF,11:08,,5.5,12,2,0
60,4,2,71_407,1,27,96,2024-09-26,WDS,THU,0,0,0,19,0410aF,11:09,,5.5,12,2,1
61,4,2,71_407,1,27,96,2024-09-26,WDS,THU,0,0,0,19,0500aF,11:11,,1.5,12,0,0
62,4,2,71_407,1,27,96,2024-09-26,WDS,THU,0,0,0,19,0501aF,11:12,,1,12,1,1
63,4,2,71_407,1,27,96,2024-09-26,WDS,THU,0,0,0,19,0502aF,11:13,,5.5,12,1,0
64,4,2,71_407,1,27,96,2024-09-26,WDS,THU,0,0,0,19,0503aF,11:15,,1.5,12,1,1
65,4,2,71_407,1,27,96,2024-09-26,WDS,THU,0,0,0,19,0700bD,11:18,,2.5,12,0,0
66,4,2,71_407,1,27,96,2024-09-26,WDS,THU,0,0,0,19,0800aF,11:20,,2.5,12,0,3
67,4,2,71_407,1,27,96,2024-09-26,WDS,THU,0,0,0,19,0801aF,11:21,,2.5,12,0,3
68,4,2,71_407,1,27,96,2024-09-26,WDS,THU,0,0,0,19,0802aF,11:23,,2.5,12,0,2
69,4,2,71_407,1,27,96,2024-09-26,WDS,THU,0,0,0,19,0900aF,11:25,,7.5,12,2,1
70,4,2,71_407,1,27,96,2024-09-26,WDS,THU,0,0,0,19,0901aF,11:26,,7.5,12,0,0
71,4,2,71_407,1,27,96,2024-09-26,WDS,THU,0,0,0,19,0902aF,11:28,,8,12,1,1
72,4,2,71_407,1,27,96,2024-09-26,WDS,THU,0,0,0,19,1100aF,11:29,,7.5,12,0,2
73,4,2,71_407,1,27,96,2024-09-26,WDS,THU,0,0,0,19,1101aF,11:31,,7.5,12,0,6
74,5,4,ktm_8,0,32,103,2024-09-26,WDS,THU,0,0,0,20,1101aB,11:36,,12,12,5,0
75,5,4,ktm_8,0,32,103,2024-09-26,WDS,THU,0,0,0,20,1100aB,11:38,,12,12,2,0
76,5,4,ktm_8,0,32,103,2024-09-26,WDS,THU,0,0,0,20,0902aB,11:39,,11,12,3,0
77,6,7,71_407,1,27,96,2024-09-26,WDS,THU,0,0,0,20,0902aF,11:46,,6,36,0,1
78,6,7,71_407,1,27,96,2024-09-26,WDS,THU,0,0,0,20,1000aF,11:48,,36,36,0,0
79,6,7,71_407,1,27,96,2024-09-26,WDS,THU,0,0,0,20,1001aF,11:51,,36,36,0,5
80,7,7,71_407,1,27,96,2024-09-26,WDS,THU,0,0,0,20,1001aB,11:53,,35.5,35.5,2,0
81,7,7,71_407,1,27,96,2024-09-26,WDS,THU,0,0,0,20,1000aB,11:55,,35.5,35.5,0,0
82,7,7,71_407,1,27,96,2024-09-26,WDS,THU,0,0,0,20,0902aB,11:58,,6,35.5,3,0
83,7,7,71_407,1,27,96,2024-09-26,WDS,THU,0,0,0,20,0901aB,11:59,,6,35.5,1,0
84,7,7,71_407,1,27,96,2024-09-26,WDS,THU,0,0,0,20,0900aB,12:01,,6,35.5,6,1
85,7,7,71_407,1,27,96,2024-09-26,WDS,THU,0,0,0,20,0802aB,12:02,,6,35.5,1,0
86,7,7,71_407,1,27,96,2024-09-26,WDS,THU,0,0,0,20,0801aB,12:04,,6,35.5,2,1
87,7,7,71_407,1,27,96,2024-09-26,WDS,THU,0,0,0,20,0800aB,12:05,,6,35.5,2,2
88,7,7,71_407,1,27,96,2024-09-26,WDS,THU,0,0,0,20,0700bU,12:07,,6,35.5,3,3
89,7,7,71_407,1,27,96,2024-09-26,WDS,THU,0,0,0,20,0602aB,12:09,,2.5,35.5,6,3
90,7,7,71_407,1,27,96,2024-09-26,WDS,THU,0,0,0,20,0601aB,12:12,,5.5,35.5,8,0
91,7,7,71_407,1,27,96,2024-09-26,WDS,THU,0,0,0,20,0600aB,12:14,,5.5,35.5,5,2
92,7,7,71_407,1,27,96,2024-09-26,WDS,THU,0,0,0,20,0103aB,12:17,,4.5,35.5,8,8
93,7,7,71_407,1,27,96,2024-09-26,WDS,THU,0,0,0,20,0102aB,12:19,,4.5,35.5,0,3
94,7,7,71_407,1,27,96,2024-09-26,WDS,THU,0,0,0,20,0101aB,12:20,,4.5,35.5,0,19
95,7,7,71_407,1,27,96,2024-09-26,WDS,THU,0,0,0,20,0100aB,12:23,,4,35.5,0,5
96,8,1,ktm_19,0,30,96,2024-09-26,WDS,THU,0,0,0,20,0100aF,12:31,,3,11,8,0
97,8,1,ktm_19,0,30,96,2024-09-26,WDS,THU,0,0,0,20,0101aF,12:32,,8.5,11,20,2
98,8,1,ktm_19,0,30,96,2024-09-26,WDS,THU,0,0,0,20,0102aF,12:34,,8.5,11,0,1
99,8,1,ktm_19,0,30,96,2024-09-26,WDS,THU,0,0,0,20,0103aF,12:35,,9,11,6,7
100,8,1,ktm_19,0,30,96,2024-09-26,WDS,THU,0,0,0,20,0200aF,12:38,,2,11,4,4
101,8,1,ktm_19,0,30,96,2024-09-26,WDS,THU,0,0,0,20,0400aF,12:40,,6,11,8,5
102,8,1,ktm_19,0,30,96,2024-09-26,WDS,THU,0,0,0,20,0401aF,12:43,,6,11,1,2
103,8,1,ktm_19,0,30,96,2024-09-26,WDS,THU,0,0,0,20,0402aF,12:45,,6,11,5,0
104,8,1,ktm_19,0,30,96,2024-09-26,WDS,THU,0,0,0,20,0403aF,12:46,,6,11,2,8
105,8,1,ktm_19,0,30,96,2024-09-26,WDS,THU,0,0,0,20,0404aF,12:48,,6,11,4,10
106,9,3,ktm_19,0,30,96,2024-09-26,WDS,THU,0,0,0,20,0403aB,13:19,,1.5,12,5,3
107,9,3,ktm_19,0,30,96,2024-09-26,WDS,THU,0,0,0,20,0402aB,13:21,,2,12,2,0
108,9,3,ktm_19,0,30,96,2024-09-26,WDS,THU,0,0,0,20,0401aB,13:22,,1.5,12,3,2
109,9,3,ktm_19,0,30,96,2024-09-26,WDS,THU,0,0,0,20,0400aB,13:25,,1.5,12,1,2
110,9,3,ktm_19,0,30,96,2024-09-26,WDS,THU,0,0,0,20,0200aB,13:27,,1.5,12,0,4
111,10,9,71_407,1,27,96,2024-09-26,WDS,THU,0,0,0,20,0103aF,13:40,,2.5,33.5,4,4
112,10,9,71_407,1,27,96,2024-09-26,WDS,THU,0,0,0,20,0200aF,13:41,,3.5,33.5,3,2
113,10,9,71_407,1,27,96,2024-09-26,WDS,THU,0,0,0,20,0303aF,13:45,,10,34,0,0
114,10,9,71_407,1,27,96,2024-09-26,WDS,THU,0,0,0,20,0302aF,13:46,,10,34,0,0
115,10,9,71_407,1,27,96,2024-09-26,WDS,THU,0,0,0,20,0301aF,13:47,,10,34,1,2
116,10,9,71_407,1,27,96,2024-09-26,WDS,THU,0,0,0,20,0300aF,13:48,,10,34,0,7
117,11,9,71_407,1,27,96,2024-10-04,WDS,FRI,0,0,0,11,0300aF,10:41,8,5,35.5,15,0
118,11,9,71_407,1,27,96,2024-10-04,WDS,FRI,0,0,0,11,0301aF,10:43,,5,35.5,1,0
119,11,9,71_407,1,27,96,2024-10-04,WDS,FRI,0,0,0,11,0302aF,10:45,,5,35.5,0,0
120,11,9,71_407,1,27,96,2024-10-04,WDS,FRI,0,0,0,11,0303aF,10:46,,5,35.5,0,0
121,11,9,71_407,1,27,96,2024-10-04,WDS,FRI,0,0,0,11,0200aB,10:48,,3,35.5,10,5
122,11,9,71_407,1,27,96,2024-10-04,WDS,FRI,0,0,0,11,0103aB,10:50,,5,35.5,16,5
123,11,9,71_407,1,27,96,2024-10-04,WDS,FRI,0,0,0,11,0102aB,10:52,,5,35.5,1,2
124,11,9,71_407,1,27,96,2024-10-04,WDS,FRI,0,0,0,11,0101aB,10:54,,5,35.5,0,28
125,11,9,71_407,1,27,96,2024-10-04,WDS,FRI,0,0,0,11,0100aB,10:56,,5.5,35.5,0,3
126,12,1,ktm_23,1,33,94,2024-10-04,WDS,FRI,0,0,0,11,0100aF,11:03,,3.5,11.5,5,0
127,12,1,ktm_23,1,33,94,2024-10-04,WDS,FRI,0,0,0,11,0101aF,11:04,,3.5,11.5,22,0
128,12,1,ktm_23,1,33,94,2024-10-04,WDS,FRI,0,0,0,11,0102aF,11:06,,3.5,11.5,8,0
129,12,1,ktm_23,1,33,94,2024-10-04,WDS,FRI,0,0,0,11,0103aF,11:08,,3.5,11.5,11,5
130,12,1,ktm_23,1,33,94,2024-10-04,WDS,FRI,0,0,0,11,0200aF,11:11,,3,11.5,12,4
131,12,1,ktm_23,1,33,94,2024-10-04,WDS,FRI,0,0,0,11,0400aF,11:13,,6,11.5,4,3
132,12,1,ktm_23,1,33,94,2024-10-04,WDS,FRI,0,0,0,11,0401aF,11:15,,6,11.5,0,1
133,12,1,ktm_23,1,33,94,2024-10-04,WDS,FRI,0,0,0,11,0402aF,11:17,,6,11.5,1,8
134,12,1,ktm_23,1,33,94,2024-10-04,WDS,FRI,0,0,0,11,0403aF,11:18,,6,11.5,6,9
135,12,1,ktm_23,1,33,94,2024-10-04,WDS,FRI,0,0,0,11,0404aF,11:21,36,6,11.5,7,11
136,12,1,ktm_23,1,33,94,2024-10-04,WDS,FRI,0,0,0,11,0405aF,11:23,,6,11.5,5,11
137,12,1,ktm_23,1,33,94,2024-10-04,WDS,FRI,0,0,0,11,0406aF,11:24,,6,11.5,3,1
138,12,1,ktm_23,1,33,94,2024-10-04,WDS,FRI,0,0,0,11,0407aF,11:26,,6,11.5,4,2
139,12,1,ktm_23,1,33,94,2024-10-04,WDS,FRI,0,0,0,11,0408aF,11:27,,6,11.5,2,3
140,12,1,ktm_23,1,33,94,2024-10-04,WDS,FRI,0,0,0,11,0409aF,11:28,,6,11.5,4,7
141,12,1,ktm_23,1,33,94,2024-10-04,WDS,FRI,0,0,0,11,0410aF,11:30,,6,11.5,6,3
142,12,1,ktm_23,1,33,94,2024-10-04,WDS,FRI,0,0,0,11,0500aF,11:32,,5.5,11.5,1,1
143,12,1,ktm_23,1,33,94,2024-10-04,WDS,FRI,0,0,0,11,0501aF,11:34,,5.5,11.5,2,5
144,12,1,ktm_23,1,33,94,2024-10-04,WDS,FRI,0,0,0,11,0502aF,11:35,,5,11.5,8,4
145,12,1,ktm_23,1,33,94,2024-10-04,WDS,FRI,0,0,0,11,0503aF,11:36,,5.5,11.5,3,3
146,12,1,ktm_23,1,33,94,2024-10-04,WDS,FRI,0,0,0,11,0700aC,11:37,,7,11.5,4,6
147,12,1,ktm_23,1,33,94,2024-10-04,WDS,FRI,0,0,0,11,0602aB,11:40,,3,11.5,4,8
148,12,1,ktm_23,1,33,94,2024-10-04,WDS,FRI,0,0,0,11,0601aB,11:43,,3,11.5,4,0
149,12,1,ktm_23,1,33,94,2024-10-04,WDS,FRI,0,0,0,11,0600aB,11:45,,3,11.5,3,6
150,12,1,ktm_23,1,33,94,2024-10-04,WDS,FRI,0,0,0,11,0103aB,11:49,,6,11.5,5,8
151,12,1,ktm_23,1,33,94,2024-10-04,WDS,FRI,0,0,0,11,0102aB,11:51,,6,11.5,0,3
152,12,1,ktm_23,1,33,94,2024-10-04,WDS,FRI,0,0,0,11,0101aB,11:53,,6,11.5,0,21
153,12,1,ktm_23,1,33,94,2024-10-04,WDS,FRI,0,0,0,11,0100aB,11:54,,6,11.5,0,1
154,13,3,ktm_23,1,33,94,2024-10-04,WDS,FRI,0,0,0,13,0100aF,12:01,,1.5,12,8,0
155,13,3,ktm_23,1,33,94,2024-10-04,WDS,FRI,0,0,0,13,0101aF,12:04,,5.5,12,18,3
156,13,3,ktm_23,1,33,94,2024-10-04,WDS,FRI,0,0,0,13,0102aF,12:05,,5.5,12,5,0
157,13,3,ktm_23,1,33,94,2024-10-04,WDS,FRI,0,0,0,13,0103aF,12:07,,5.5,12,7,3
158,13,3,ktm_23,1,33,94,2024-10-04,WDS,FRI,0,0,0,13,0600aF,12:11,,3.5,12,2,5
159,13,3,ktm_23,1,33,94,2024-10-04,WDS,FRI,0,0,0,13,0601aF,12:13,,3.5,12,3,1
160,13,3,ktm_23,1,33,94,2024-10-04,WDS,FRI,0,0,0,13,0602aF,12:14,,3,12,2,5
161,13,3,ktm_23,1,33,94,2024-10-04,WDS,FRI,0,0,0,13,0700aA,12:18,,7,12,3,11
162,13,3,ktm_23,1,33,94,2024-10-04,WDS,FRI,0,0,0,13,0503aB,12:19,,7.5,12,0,5
163,13,3,ktm_23,1,33,94,2024-10-04,WDS,FRI,0,0,0,13,0502aB,12:21,,6,12,5,4
164,13,3,ktm_23,1,33,94,2024-10-04,WDS,FRI,0,0,0,13,0501aB,12:22,,7,12,1,3
165,13,3,ktm_23,1,33,94,2024-10-04,WDS,FRI,0,0,0,13,0500aB,12:23,,7,12,8,2
166,14,5,ktm_19,0,30,96,2024-10-04,WDS,FRI,0,0,0,14,0500aF,12:29,,4.5,19,2,0
167,14,5,ktm_19,0,30,96,2024-10-04,WDS,FRI,0,0,0,14,0501aF,12:31,,4,19,0,0
168,14,5,ktm_19,0,30,96,2024-10-04,WDS,FRI,0,0,0,14,0502aF,12:32,,4.5,19,2,0
169,14,5,ktm_19,0,30,96,2024-10-04,WDS,FRI,0,0,0,14,0503aF,12:33,,4.5,19,4,1
170,14,5,ktm_19,0,30,96,2024-10-04,WDS,FRI,0,0,0,14,0700aC,12:35,,5.5,19,5,3
171,14,5,ktm_19,0,30,96,2024-10-04,WDS,FRI,0,0,0,14,0602aB,12:38,,4.5,19,4,1
172,14,5,ktm_19,0,30,96,2024-10-04,WDS,FRI,0,0,0,14,0601aB,12:40,,4.5,19,0,3
173,14,5,ktm_19,0,30,96,2024-10-04,WDS,FRI,0,0,0,14,0600aB,12:42,,6,19,2,2
174,14,5,ktm_19,0,30,96,2024-10-04,WDS,FRI,0,0,0,14,0200aF,12:45,,5.5,19,9,1
175,14,5,ktm_19,0,30,96,2024-10-04,WDS,FRI,0,0,0,14,0303aB,12:47,,15.5,19,1,0
176,14,5,ktm_19,0,30,96,2024-10-04,WDS,FRI,0,0,0,14,0302aB,12:49,,15.5,19,0,0
177,14,5,ktm_19,0,30,96,2024-10-04,WDS,FRI,0,0,0,14,0301aB,12:50,,15.5,19,2,10
178,14,5,ktm_19,0,30,96,2024-10-04,WDS,FRI,0,0,0,14,0300aF,12:52,,12,21,0,10
179,15,10,ktm_23,1,33,94,2024-10-04,WDS,FRI,0,0,0,14,0300aF,13:05,,10.5,61.5,7,0
180,15,10,ktm_23,1,33,94,2024-10-04,WDS,FRI,0,0,0,14,0301aF,13:06,,10.5,61.5,7,0
181,15,10,ktm_23,1,33,94,2024-10-04,WDS,FRI,0,0,0,14,0302aF,13:07,,10.5,61.5,0,1
182,15,10,ktm_23,1,33,94,2024-10-04,WDS,FRI,0,0,0,14,0303aF,13:08,,10.5,61.5,1,1
183,15,10,ktm_23,1,33,94,2024-10-04,WDS,FRI,0,0,0,14,0200aB,13:11,,5,61.5,1,4
184,15,10,ktm_23,1,33,94,2024-10-04,WDS,FRI,0,0,0,14,0600aF,13:15,,6,61.5,5,1
185,15,10,ktm_23,1,33,94,2024-10-04,WDS,FRI,0,0,0,14,0601aF,13:17,,5.5,61.5,0,1
186,15,10,ktm_23,1,33,94,2024-10-04,WDS,FRI,0,0,0,14,0602aF,13:18,,6,61.5,3,4
187,15,10,ktm_23,1,33,94,2024-10-04,WDS,FRI,0,0,0,14,0700bD,13:20,,6,61.5,0,3
188,15,10,ktm_23,1,33,94,2024-10-04,WDS,FRI,0,0,0,14,0800aF,13:22,,5.5,61.5,4,1
189,15,10,ktm_23,1,33,94,2024-10-04,WDS,FRI,0,0,0,14,0801aF,13:23,,5.5,61.5,1,1
190,15,10,ktm_23,1,33,94,2024-10-04,WDS,FRI,0,0,0,14,0802aF,13:25,,5.5,61.5,0,1
191,15,10,ktm_23,1,33,94,2024-10-04,WDS,FRI,0,0,0,14,0900aF,13:27,,6.5,61.5,7,1
192,15,10,ktm_23,1,33,94,2024-10-04,WDS,FRI,0,0,0,14,0901aF,13:28,,6.5,61.5,0,3
193,15,10,ktm_23,1,33,94,2024-10-04,WDS,FRI,0,0,0,14,0902aF,13:30,,6,61.5,2,1
194,15,10,ktm_23,1,33,94,2024-10-04,WDS,FRI,0,0,0,14,1100aF,13:31,,12,61.5,1,4
195,15,10,ktm_23,1,33,94,2024-10-04,WDS,FRI,0,0,0,14,1101aF,13:36,,6,61.5,15,8
196,15,10,ktm_23,1,33,94,2024-10-04,WDS,FRI,0,0,0,14,1200aF,13:38,,6,61.5,4,1
197,15,10,ktm_23,1,33,94,2024-10-04,WDS,FRI,0,0,0,14,1201aF,13:40,,6,61.5,0,7
198,15,10,ktm_23,1,33,94,2024-10-04,WDS,FRI,0,0,0,14,1202aF,13:41,,6,61.5,2,2
199,15,10,ktm_23,1,33,94,2024-10-04,WDS,FRI,0,0,0,14,1203aF,13:43,,6,61.5,8,5
200,15,10,ktm_23,1,33,94,2024-10-04,WDS,FRI,0,0,0,14,0802aB,13:45,,5.5,61.5,3,0
201,16,4,71_407,1,27,96,2024-10-04,WDS,FRI,1,0,0,14,0802aF,13:46,,2,12,1,0
202,16,4,71_407,1,27,96,2024-10-04,WDS,FRI,1,0,0,14,1203aB,13:49,,12,12,7,6
203,16,4,71_407,1,27,96,2024-10-04,WDS,FRI,1,0,0,14,1202aB,13:50,,12,12,1,3
204,16,4,71_407,1,27,96,2024-10-04,WDS,FRI,1,0,0,14,1201aB,13:51,,12,12,1,2
205,16,4,71_407,1,27,96,2024-10-04,WDS,FRI,1,0,0,14,1200aB,13:53,,12,12,1,9
206,16,4,71_407,1,27,96,2024-10-04,WDS,FRI,1,0,0,14,1101aB,13:55,,12,12,0,14
207,17,4,ktm_8,0,32,103,2024-10-04,WDS,FRI,1,0,0,14,1101aB,14:00,,12,12,15,0
208,17,4,ktm_8,0,32,103,2024-10-04,WDS,FRI,1,0,0,14,1100aB,14:01,,12,12,9,1
209,17,4,ktm_8,0,32,103,2024-10-04,WDS,FRI,1,0,0,14,0902aB,14:03,,11,12,3,1
210,17,4,ktm_8,0,32,103,2024-10-04,WDS,FRI,1,0,0,14,0901aB,14:04,,11.5,12,3,2
211,17,4,ktm_8,0,32,103,2024-10-04,WDS,FRI,1,0,0,14,0900aB,14:05,,11.5,12,10,2
212,17,4,ktm_8,0,32,103,2024-10-04,WDS,FRI,1,0,0,14,0802aB,14:06,,6,12,0,1
213,17,4,ktm_8,0,32,103,2024-10-04,WDS,FRI,1,0,0,14,0801aB,14:08,,6,12,4,6
214,17,4,ktm_8,0,32,103,2024-10-04,WDS,FRI,1,0,0,14,0800aB,14:09,,6,12,6,1
215,17,4,ktm_8,0,32,103,2024-10-04,WDS,FRI,1,0,0,14,0700bU,14:10,,6,12,1,12
216,17,4,ktm_8,0,32,103,2024-10-04,WDS,FRI,1,0,0,14,0503aB,14:12,,8,12,1,4
217,17,4,ktm_8,0,32,103,2024-10-04,WDS,FRI,1,0,0,14,0502aB,14:13,,2.5,12,2,2
218,17,4,ktm_8,0,32,103,2024-10-04,WDS,FRI,1,0,0,14,0501aB,14:14,,8,12,4,3
219,17,4,ktm_8,0,32,103,2024-10-04,WDS,FRI,1,0,0,14,0500aB,14:16,,7.5,12,0,0
220,17,4,ktm_8,0,32,103,2024-10-04,WDS,FRI,1,0,0,14,0410aB,14:18,,10.5,12,0,1
221,17,4,ktm_8,0,32,103,2024-10-04,WDS,FRI,1,0,0,14,0409aB,14:19,,10.5,12,1,3
222,17,4,ktm_8,0,32,103,2024-10-04,WDS,FRI,1,0,0,14,0408aB,14:21,,6,12,0,2
223,17,4,ktm_8,0,32,103,2024-10-04,WDS,FRI,1,0,0,14,0407aB,14:22,,6,12,0,0
224,17,4,ktm_8,0,32,103,2024-10-04,WDS,FRI,1,0,0,14,0406aB,14:24,,6,12,0,3
225,17,4,ktm_8,0,32,103,2024-10-04,WDS,FRI,1,0,0,14,0405aB,14:25,,6,12,0,2
226,17,4,ktm_8,0,32,103,2024-10-04,WDS,FRI,1,0,0,14,0404aB,14:27,12,6,12,10,8
227,17,4,ktm_8,0,32,103,2024-10-04,WDS,FRI,1,0,0,14,0403aB,14:30,,6,12,4,0
228,17,4,ktm_8,0,32,103,2024-10-04,WDS,FRI,1,0,0,14,0402aB,14:31,,6,12,4,1
229,17,4,ktm_8,0,32,103,2024-10-04,WDS,FRI,1,0,0,14,0401aB,14:33,,6,12,1,2
230,17,4,ktm_8,0,32,103,2024-10-04,WDS,FRI,1,0,0,14,0400aB,14:34,,6,12,7,1
231,17,4,ktm_8,0,32,103,2024-10-04,WDS,FRI,1,0,0,14,0200aB,14:36,,5,12,3,0
232,18,5,71_407,1,27,96,2024-10-06,OFF,SUN,0,0,1,5,0300aF,08:53,14,10,16,11,0
233,18,5,71_407,1,27,96,2024-10-06,OFF,SUN,0,0,1,5,0301aF,08:55,,10,16,11,0
234,18,5,71_407,1,27,96,2024-10-06,OFF,SUN,0,0,1,5,0302aF,08:57,,10.5,16,0,0
235,18,5,71_407,1,27,96,2024-10-06,OFF,SUN,0,0,1,5,0303aF,08:58,,10.5,16,0,1
236,18,5,71_407,1,27,96,2024-10-06,OFF,SUN,0,0,1,5,0200aB,09:00,,2,16,0,8
237,18,5,71_407,1,27,96,2024-10-06,OFF,SUN,0,0,1,5,0600aF,09:02,,5,16,0,2
238,18,5,71_407,1,27,96,2024-10-06,OFF,SUN,0,0,1,5,0601aF,09:04,,5,16,0,1
239,18,5,71_407,1,27,96,2024-10-06,OFF,SUN,0,0,1,5,0602aF,09:07,,6,16,2,2
240,18,5,71_407,1,27,96,2024-10-06,OFF,SUN,0,0,1,5,0700aA,09:09,,12,16,0,7
241,18,5,71_407,1,27,96,2024-10-06,OFF,SUN,0,0,1,5,0503aB,09:11,,1,16,0,0
242,18,5,71_407,1,27,96,2024-10-06,OFF,SUN,0,0,1,5,0502aB,09:12,,6,16,0,2
243,18,5,71_407,1,27,96,2024-10-06,OFF,SUN,0,0,1,5,0501aB,09:13,,1,16,0,0
244,18,5,71_407,1,27,96,2024-10-06,OFF,SUN,0,0,1,5,0500aB,09:14,,6,16,0,1
245,19,4,ktm_23,1,33,94,2024-10-06,OFF,SUN,0,0,1,6,0500aB,09:20,,6,12,2,0
246,19,4,ktm_23,1,33,94,2024-10-06,OFF,SUN,0,0,1,6,0410aB,09:22,,6,12,1,1
247,19,4,ktm_23,1,33,94,2024-10-06,OFF,SUN,0,0,1,6,0409aB,09:23,,6,12,2,1
248,19,4,ktm_23,1,33,94,2024-10-06,OFF,SUN,0,0,1,6,0408aB,09:25,,6,12,2,0
249,19,4,ktm_23,1,33,94,2024-10-06,OFF,SUN,0,0,1,6,0407aB,09:27,,6,12,0,2
250,19,4,ktm_23,1,33,94,2024-10-06,OFF,SUN,0,0,1,6,0406aB,09:28,,6,12,1,0
251,19,4,ktm_23,1,33,94,2024-10-06,OFF,SUN,0,0,1,6,0405aB,09:30,,6,12,1,1
252,19,4,ktm_23,1,33,94,2024-10-06,OFF,SUN,0,0,1,6,0404aB,09:31,,6,12,5,12
253,19,4,ktm_23,1,33,94,2024-10-06,OFF,SUN,0,0,1,6,0403aB,09:33,,6,12,4,1
254,19,4,ktm_23,1,33,94,2024-10-06,OFF,SUN,0,0,1,6,0402aB,09:34,,6,12,2,2
255,19,4,ktm_23,1,33,94,2024-10-06,OFF,SUN,0,0,1,6,0401aB,09:36,,6,12,0,0
256,19,4,ktm_23,1,33,94,2024-10-06,OFF,SUN,0,0,1,6,0400aB,09:38,,6,12,1,6
257,19,4,ktm_23,1,33,94,2024-10-06,OFF,SUN,0,0,1,6,0200aB,09:41,,2.5,12,3,7
258,19,4,ktm_23,1,33,94,2024-10-06,OFF,SUN,0,0,1,6,0600aF,09:43,,1.5,12,1,2
259,19,4,ktm_23,1,33,94,2024-10-06,OFF,SUN,0,0,1,6,0601aF,09:45,,1.5,12,1,0
260,19,4,ktm_23,1,33,94,2024-10-06,OFF,SUN,0,0,1,6,0602aF,09:46,,1.5,12,1,1
261,19,4,ktm_23,1,33,94,2024-10-06,OFF,SUN,0,0,1,6,0700bD,09:50,,2,12,1,2
262,19,4,ktm_23,1,33,94,2024-10-06,OFF,SUN,0,0,1,6,0800aF,09:51,,2.5,12,5,0
263,19,4,ktm_23,1,33,94,2024-10-06,OFF,SUN,0,0,1,6,0801aF,09:52,,2.5,12,0,0
264,19,4,ktm_23,1,33,94,2024-10-06,OFF,SUN,0,0,1,6,0802aF,09:54,,2,12,0,4
265,19,4,ktm_23,1,33,94,2024-10-06,OFF,SUN,0,0,1,6,1203aB,09:56,,12,12,0,2
266,19,4,ktm_23,1,33,94,2024-10-06,OFF,SUN,0,0,1,6,1202aB,09:57,,12,12,0,1
267,19,4,ktm_23,1,33,94,2024-10-06,OFF,SUN,0,0,1,6,1201aB,09:59,,12,12,1,1
268,19,4,ktm_23,1,33,94,2024-10-06,OFF,SUN,0,0,1,6,1200aB,10:01,,12,12,1,0
269,19,4,ktm_23,1,33,94,2024-10-06,OFF,SUN,0,0,1,6,1101aB,10:02,,12,12,0,4
270,20,7,ktm_19,0,30,96,2024-10-06,OFF,SUN,0,0,2,6,1001aB,10:13,,36,36,2,0
271,20,7,ktm_19,0,30,96,2024-10-06,OFF,SUN,0,0,2,6,1000aB,10:16,,36,36,0,0
272,20,7,ktm_19,0,30,96,2024-10-06,OFF,SUN,0,0,2,6,0902aB,10:18,,12,36,0,0
273,20,7,ktm_19,0,30,96,2024-10-06,OFF,SUN,0,0,2,6,0901aB,10:20,,6,36,1,1
274,20,7,ktm_19,0,30,96,2024-10-06,OFF,SUN,0,0,2,6,0900aB,10:21,,6,36,3,0
275,20,7,ktm_19,0,30,96,2024-10-06,OFF,SUN,0,0,2,6,0802aB,10:23,,2,36,1,2
276,20,7,ktm_19,0,30,96,2024-10-06,OFF,SUN,0,0,2,6,0801aB,10:25,,2,36,1,0
277,20,7,ktm_19,0,30,96,2024-10-06,OFF,SUN,0,0,2,6,0800aB,10:27,,4.5,36,2,0
278,20,7,ktm_19,0,30,96,2024-10-06,OFF,SUN,0,0,2,6,0700bU,10:29,,2,36,5,1
279,20,7,ktm_19,0,30,96,2024-10-06,OFF,SUN,0,0,2,6,0602aB,10:31,,2,36,3,2
280,20,7,ktm_19,0,30,96,2024-10-06,OFF,SUN,0,0,2,6,0601aB,10:34,,2,36,0,0
281,20,7,ktm_19,0,30,96,2024-10-06,OFF,SUN,0,0,2,6,0600aB,10:36,,4.5,36,1,1
282,20,7,ktm_19,0,30,96,2024-10-06,OFF,SUN,0,0,2,6,0103aB,10:39,,6,36,6,4
283,21,1,71_407,1,27,96,2024-10-06,OFF,SUN,0,0,1,8,0103aB,11:11,,3.5,11,5,2
284,21,1,71_407,1,27,96,2024-10-06,OFF,SUN,0,0,1,8,0102aB,11:12,,3.5,11,0,0
285,21,1,71_407,1,27,96,2024-10-06,OFF,SUN,0,0,1,8,0101aB,11:14,,3.5,11,2,20
286,21,1,71_407,1,27,96,2024-10-06,OFF,SUN,0,0,1,8,0100aB,11:16,,3.5,11,0,8
287,22,7,ktm_23,1,33,94,2024-10-06,OFF,SUN,0,0,1,8,0100aF,11:23,,3.5,36,2,0
288,22,7,ktm_23,1,33,94,2024-10-06,OFF,SUN,0,0,1,8,0101aF,11:24,,3.5,36,18,0
289,22,7,ktm_23,1,33,94,2024-10-06,OFF,SUN,0,0,1,8,0102aF,11:26,,3.5,36,1,1
290,22,7,ktm_23,1,33,94,2024-10-06,OFF,SUN,0,0,1,8,0103aF,11:27,,4,36,10,1
291,22,7,ktm_23,1,33,94,2024-10-06,OFF,SUN,0,0,1,8,0600aF,11:30,,3.5,36,2,1
292,22,7,ktm_23,1,33,94,2024-10-06,OFF,SUN,0,0,1,8,0601aF,11:33,,3.5,36,2,3
293,22,7,ktm_23,1,33,94,2024-10-06,OFF,SUN,0,0,1,8,0602aF,11:34,,3.5,36,2,2
294,22,7,ktm_23,1,33,94,2024-10-06,OFF,SUN,0,0,1,8,0700bD,11:37,,3.5,36,0,8
295,22,7,ktm_23,1,33,94,2024-10-06,OFF,SUN,0,0,1,8,0800aF,11:39,,3.5,36,0,2
296,22,7,ktm_23,1,33,94,2024-10-06,OFF,SUN,0,0,1,8,0801aF,11:40,,3.5,36,0,2
297,22,7,ktm_23,1,33,94,2024-10-06,OFF,SUN,0,0,1,8,0802aF,11:42,23,3.5,36,0,3
298,22,7,ktm_23,1,33,94,2024-10-06,OFF,SUN,0,0,1,8,0900aF,11:44,,5,36,1,11
299,22,7,ktm_23,1,33,94,2024-10-06,OFF,SUN,0,0,1,8,0901aF,11:45,,5,36,0,0
300,22,7,ktm_23,1,33,94,2024-10-06,OFF,SUN,0,0,1,8,0902aF,11:47,,5.5,36,1,2
301,22,7,ktm_23,1,33,94,2024-10-06,OFF,SUN,0,0,1,8,1000aF,11:48,,36,36,0,0
302,22,7,ktm_23,1,33,94,2024-10-06,OFF,SUN,0,0,1,8,1001aF,11:51,,36,36,0,3
303,23,2,ktm_19,0,30,96,2024-10-06,OFF,SUN,0,0,1,8,0902aF,12:02,,9,12,2,3
304,23,2,ktm_19,0,30,96,2024-10-06,OFF,SUN,0,0,1,8,1100aF,12:03,,9.5,12,2,5
305,23,2,ktm_19,0,30,96,2024-10-06,OFF,SUN,0,0,1,8,1101aF,12:04,,12,12,0,14
306,24,2,ktm_19,0,30,96,2024-10-06,OFF,SUN,0,0,1,8,1101aF,12:08,,12,12,26,0
307,24,2,ktm_19,0,30,96,2024-10-06,OFF,SUN,0,0,1,8,1200aF,12:10,,12,12,5,1
308,24,2,ktm_19,0,30,96,2024-10-06,OFF,SUN,0,0,1,8,1201aF,12:11,,12,12,2,3
309,24,2,ktm_19,0,30,96,2024-10-06,OFF,SUN,0,0,1,8,1202aF,12:13,,12,12,3,0
310,24,2,ktm_19,0,30,96,2024-10-06,OFF,SUN,0,0,1,8,1203aF,12:14,,12,12,4,0
311,24,2,ktm_19,0,30,96,2024-10-06,OFF,SUN,0,0,1,8,0802aB,12:16,,6,12,4,2
312,24,2,ktm_19,0,30,96,2024-10-06,OFF,SUN,0,0,1,8,0801aB,12:18,,6,12,3,2
313,24,2,ktm_19,0,30,96,2024-10-06,OFF,SUN,0,0,1,8,0800aB,12:20,,6,12,1,1
314,24,2,ktm_19,0,30,96,2024-10-06,OFF,SUN,0,0,1,8,0700bU,12:22,,6,12,0,4
315,24,2,ktm_19,0,30,96,2024-10-06,OFF,SUN,0,0,1,8,0602aB,12:24,,5,12,2,3
316,24,2,ktm_19,0,30,96,2024-10-06,OFF,SUN,0,0,1,8,0601aB,12:26,,5,12,5,4
317,24,2,ktm_19,0,30,96,2024-10-06,OFF,SUN,0,0,1,8,0600aB,12:28,,5,12,6,5
318,24,2,ktm_19,0,30,96,2024-10-06,OFF,SUN,0,0,1,8,0200aF,12:31,,1.5,12,5,5
319,24,2,ktm_19,0,30,96,2024-10-06,OFF,SUN,0,0,1,8,0400aF,12:33,,5,12,4,2
320,24,2,ktm_19,0,30,96,2024-10-06,OFF,SUN,0,0,1,8,0401aF,12:35,,5,12,3,1
321,25,2,ktm_23,1,33,94,2024-10-06,OFF,SUN,0,0,1,8,0401aF,12:41,,5.5,12,5,4
322,25,2,ktm_23,1,33,94,2024-10-06,OFF,SUN,0,0,1,8,0402aF,12:43,,5.5,12,0,5
323,25,2,ktm_23,1,33,94,2024-10-06,OFF,SUN,0,0,1,8,0403aF,12:44,,5.5,12,4,4
324,25,2,ktm_23,1,33,94,2024-10-06,OFF,SUN,0,0,1,8,0404aF,12:48,,5.5,12,5,15
325,25,2,ktm_23,1,33,94,2024-10-06,OFF,SUN,0,0,1,8,0405aF,12:50,,5.5,12,1,0
326,25,2,ktm_23,1,33,94,2024-10-06,OFF,SUN,0,0,1,8,0406aF,12:51,,5.5,12,0,2
327,25,2,ktm_23,1,33,94,2024-10-06,OFF,SUN,0,0,1,8,0407aF,12:53,,5.5,12,0,1
328,25,2,ktm_23,1,33,94,2024-10-06,OFF,SUN,0,0,1,8,0408aF,12:54,,5.5,12,0,0
329,25,2,ktm_23,1,33,94,2024-10-06,OFF,SUN,0,0,1,8,0409aF,12:55,,5.5,12,1,1
330,25,2,ktm_23,1,33,94,2024-10-06,OFF,SUN,0,0,1,8,0410aF,12:57,,5.5,12,1,0
331,25,2,ktm_23,1,33,94,2024-10-06,OFF,SUN,0,0,1,8,0500aF,12:59,,4.5,12,0,1
332,25,2,ktm_23,1,33,94,2024-10-06,OFF,SUN,0,0,1,8,0501aF,13:00,,4,12,2,2
333,25,2,ktm_23,1,33,94,2024-10-06,OFF,SUN,0,0,1,8,0502aF,13:01,,4,12,0,0
334,25,2,ktm_23,1,33,94,2024-10-06,OFF,SUN,0,0,1,8,0503aF,13:02,,4.5,12,1,0
335,25,2,ktm_23,1,33,94,2024-10-06,OFF,SUN,0,0,1,8,0700bD,13:04,,6,12,2,2
336,26,10,71_407,1,27,96,2024-10-06,OFF,SUN,0,0,0,9,0700bU,13:08,,2,30.5,6,2
337,26,10,71_407,1,27,96,2024-10-06,OFF,SUN,0,0,0,9,0602aB,13:10,,2.5,30.5,0,4
338,26,10,71_407,1,27,96,2024-10-06,OFF,SUN,0,0,0,9,0601aB,13:12,,2.5,30.5,1,0
339,26,10,71_407,1,27,96,2024-10-06,OFF,SUN,0,0,0,9,0600aB,13:14,,2,30.5,1,6
340,26,10,71_407,1,27,96,2024-10-06,OFF,SUN,0,0,0,9,0200aF,13:17,,3,30.5,0,3
341,26,10,71_407,1,27,96,2024-10-06,OFF,SUN,0,0,0,9,0303aB,13:18,,7.5,30.5,0,0
342,26,10,71_407,1,27,96,2024-10-06,OFF,SUN,0,0,0,9,0302aB,13:19,,7.5,30.5,0,0
343,26,10,71_407,1,27,96,2024-10-06,OFF,SUN,0,0,0,9,0301aB,13:21,,8,30.5,0,2
344,26,10,71_407,1,27,96,2024-10-06,OFF,SUN,0,0,0,9,0300aF,13:23,,6,30,0,1
345,27,5,ktm_19,0,30,96,2024-10-06,OFF,SUN,0,0,1,9,0200aF,13:48,,5,15,2,3
346,27,5,ktm_19,0,30,96,2024-10-06,OFF,SUN,0,0,1,9,0303aB,13:49,,9,15,0,1
347,27,5,ktm_19,0,30,96,2024-10-06,OFF,SUN,0,0,1,9,0302aB,13:50,,9,15,0,0
348,27,5,ktm_19,0,30,96,2024-10-06,OFF,SUN,0,0,1,9,0301aB,13:51,,8.5,15,0,1
349,27,5,ktm_19,0,30,96,2024-10-06,OFF,SUN,0,0,1,9,0300aF,13:53,,2.5,17,0,1
350,28,9,71_407,1,27,96,2024-10-06,OFF,SUN,0,0,1,9,0301aB,13:53,,6,33.5,0,4
351,28,9,71_407,1,27,96,2024-10-06,OFF,SUN,0,0,1,9,0300aF,13:54,,7.5,33,0,3