travel_id,tram_no,weekday,date,day_of_week,precipitation,thunder,wind,temperature,route_length,stop,time,train,odometer,start,end,interval,interval_same,inbound,outbound,passengers,wheelchair,seating,standing
1,5,WDS,2024-09-26,THU,0,0,0,18,4390,0300aF,08:54,14,0,1,0,10.5,15.5,36,0,36,1,33,94
1,5,WDS,2024-09-26,THU,0,0,0,18,4390,0301aF,08:56,,410,0,0,10.5,15.5,5,0,41,1,33,94
1,5,WDS,2024-09-26,THU,0,0,0,18,4390,0302aF,08:58,,870,0,0,11,15.5,0,2,39,1,33,94
1,5,WDS,2024-09-26,THU,0,0,0,18,4390,0303aF,08:59,,1150,0,0,11,15.5,0,1,38,1,33,94
1,5,WDS,2024-09-26,THU,0,0,0,18,4390,0200aB,09:02,,1430,0,0,5,15.5,1,13,26,1,33,94
1,5,WDS,2024-09-26,THU,0,0,0,18,4390,0600aF,09:05,,1750,0,0,6,15.5,0,3,23,1,33,94
1,5,WDS,2024-09-26,THU,0,0,0,18,4390,0601aF,09:07,,2050,0,0,6,15.5,1,1,23,1,33,94
1,5,WDS,2024-09-26,THU,0,0,0,18,4390,0602aF,09:09,,2480,0,0,6,15.5,0,7,16,1,33,94
1,5,WDS,2024-09-26,THU,0,0,0,18,4390,0700aA,09:10,,2900,0,0,6,15.5,1,3,14,1,33,94
1,5,WDS,2024-09-26,THU,0,0,0,18,4390,0503aB,09:13,,3330,0,0,6,15.5,0,0,14,1,33,94
1,5,WDS,2024-09-26,THU,0,0,0,18,4390,0502aB,09:14,,3710,0,0,5.5,15.5,0,8,6,1,33,94
1,5,WDS,2024-09-26,THU,0,0,0,18,4390,0501aB,09:15,,3970,0,0,6,15.5,0,2,4,1,33,94
1,5,WDS,2024-09-26,THU,0,0,0,18,4390,0500aB,09:16,,4390,0,1,6,15.5,0,4,0,1,33,94
2,1,WDS,2024-09-26,THU,0,0,0,18,12100,0500aF,09:18,,7680,0,0,4.5,11,0,2,12,0,30,96
2,1,WDS,2024-09-26,THU,0,0,0,18,12100,0501aF,09:19,,8030,0,0,4.5,11,2,0,14,0,30,96
2,1,WDS,2024-09-26,THU,0,0,0,18,12100,0502aF,09:21,,8290,0,0,4,11,1,4,11,0,30,96
2,1,WDS,2024-09-26,THU,0,0,0,18,12100,0503aF,09:22,,8690,0,0,4.5,11,6,2,15,0,30,96
2,1,WDS,2024-09-26,THU,0,0,0,18,12100,0700aC,09:24,,9160,0,0,6,11,5,2,18,0,30,96
2,1,WDS,2024-09-26,THU,0,0,0,18,12100,0602aB,09:26,,9510,0,0,4.5,11,3,1,20,0,30,96
2,1,WDS,2024-09-26,THU,0,0,0,18,12100,0601aB,09:28,,9960,0,0,4,11,3,1,22,0,30,96
2,1,WDS,2024-09-26,THU,0,0,0,18,12100,0600aB,09:31,,10300,0,0,4,11,3,2,23,0,30,96
2,1,WDS,2024-09-26,THU,0,0,0,18,12100,0103aB,09:35,,11000,0,0,5.5,11,4,10,17,0,30,96
2,1,WDS,2024-09-26,THU,0,0,0,18,12100,0102aB,09:36,,11400,0,0,5.5,11,0,3,14,0,30,96
2,1,WDS,2024-09-26,THU,0,0,0,18,12100,0101aB,09:37,,11800,0,0,5.5,11,0,12,2,0,30,96
2,1,WDS,2024-09-26,THU,0,0,0,18,12100,0100aB,09:40,,12100,0,1,6,11,0,2,0,0,30,96
3,3,WDS,2024-09-26,THU,0,0,0,19,12100,0100aF,09:50,,0,1,0,2,12,3,0,3,1,27,96
3,3,WDS,2024-09-26,THU,0,0,0,19,12100,0101aF,09:51,,360,0,0,2.5,12,21,1,23,1,27,96
3,3,WDS,2024-09-26,THU,0,0,0,19,12100,0102aF,09:53,,770,0,0,2.5,12,0,1,22,1,27,96
3,3,WDS,2024-09-26,THU,0,0,0,19,12100,0103aF,09:55,,1120,0,0,2.5,12,10,6,26,1,27,96
3,3,WDS,2024-09-26,THU,0,0,0,19,12100,0600aF,09:58,,1890,0,0,6.5,12,2,1,27,1,27,96
3,3,WDS,2024-09-26,THU,0,0,0,19,12100,0601aF,10:01,,2180,0,0,6.5,12,3,1,29,1,27,96
3,3,WDS,2024-09-26,THU,0,0,0,19,12100,0602aF,10:03,,2620,0,0,9.5,12,2,5,26,1,27,96
3,3,WDS,2024-09-26,THU,0,0,0,19,12100,0700aA,10:05,,3040,0,0,12,12,5,5,26,1,27,96
3,3,WDS,2024-09-26,THU,0,0,0,19,12100,0503aB,10:07,,3470,0,0,6.5,12,4,1,29,1,27,96
3,3,WDS,2024-09-26,THU,0,0,0,19,12100,0502aB,10:08,,3840,0,0,6,12,6,11,24,1,27,96
3,3,WDS,2024-09-26,THU,0,0,0,19,12100,0501aB,10:10,,4110,0,0,6.5,12,2,5,21,1,27,96
3,3,WDS,2024-09-26,THU,0,0,0,19,12100,0500aB,10:11,,4530,0,0,7,12,3,0,24,1,27,96
3,3,WDS,2024-09-26,THU,0,0,0,19,12100,0410aB,10:13,,5060,0,0,12,12,2,6,20,1,27,96
3,3,WDS,2024-09-26,THU,0,0,0,19,12100,0409aB,10:16,,5640,0,0,12,12,3,3,20,1,27,96
3,3,WDS,2024-09-26,THU,0,0,0,19,12100,0408aB,10:17,,6210,0,0,6,12,1,1,20,1,27,96
3,3,WDS,2024-09-26,THU,0,0,0,19,12100,0407aB,10:18,,6770,0,0,6,12,0,0,20,1,27,96
3,3,WDS,2024-09-26,THU,0,0,0,19,12100,0406aB,10:20,,7110,0,0,6,12,2,4,18,1,27,96
3,3,WDS,2024-09-26,THU,0,0,0,19,12100,0405aB,10:22,,7460,0,0,6,12,7,3,22,1,27,96
3,3,WDS,2024-09-26,THU,0,0,0,19,12100,0404aB,10:24,,7960,0,0,6,12,13,10,25,1,27,96
3,3,WDS,2024-09-26,THU,0,0,0,19,12100,0403aB,10:26,,8550,0,0,6,12,6,3,28,1,27,96
3,3,WDS,2024-09-26,THU,0,0,0,19,12100,0402aB,10:27,,8890,0,0,6,12,2,2,28,1,27,96
3,3,WDS,2024-09-26,THU,0,0,0,19,12100,0401aB,10:28,,9290,0,0,6,12,1,1,28,1,27,96
3,3,WDS,2024-09-26,THU,0,0,0,19,12100,0400aB,10:30,,9980,0,0,6,12,8,1,35,1,27,96
3,3,WDS,2024-09-26,THU,0,0,0,19,12100,0200aB,10:33,,10500,0,0,6,12,4,6,33,1,27,96
4,2,WDS,2024-09-26,THU,0,0,0,19,15400,0200aF,10:50,,4830,0,0,2.5,12,2,7,19,1,27,96
4,2,WDS,2024-09-26,THU,0,0,0,19,15400,0400aF,10:51,,5330,0,0,5.5,12,3,8,14,1,27,96
4,2,WDS,2024-09-26,THU,0,0,0,19,15400,0401aF,10:53,,6020,0,0,5.5,12,0,0,14,1,27,96
4,2,WDS,2024-09-26,THU,0,0,0,19,15400,0402aF,10:55,,6430,0,0,5.5,12,2,1,15,1,27,96
4,2,WDS,2024-09-26,THU,0,0,0,19,15400,0403aF,10:57,,6750,0,0,5.5,12,5,4,16,1,27,96
4,2,WDS,2024-09-26,THU,0,0,0,19,15400,0404aF,11:01,25,7300,0,0,11,12,4,9,11,1,27,96
4,2,WDS,2024-09-26,THU,0,0,0,19,15400,0405aF,11:03,,7900,0,0,5.5,12,2,1,12,1,27,96
4,2,WDS,2024-09-26,THU,0,0,0,19,15400,0406aF,11:04,,8250,0,0,5.5,12,0,2,10,1,27,96
4,2,WDS,2024-09-26,THU,0,0,0,19,15400,0407aF,11:05,,8590,0,0,5.5,12,0,0,10,1,27,96
4,2,WDS,2024-09-26,THU,0,0,0,19,15400,0408aF,11:06,,9150,0,0,5.5,12,1,0,11,1,27,96
4,2,WDS,2024-09-26,THU,0,0,0,19,15400,0409aF,11:08,,9660,0,0,5.5,12,2,0,13,1,27,96
4,2,WDS,2024-09-26,THU,0,0,0,19,15400,0410aF,11:09,,10300,0,0,5.5,12,2,1,14,1,27,96
4,2,WDS,2024-09-26,THU,0,0,0,19,15400,0500aF,11:11,,10800,0,0,1.5,12,0,0,14,1,27,96
4,2,WDS,2024-09-26,THU,0,0,0,19,15400,0501aF,11:12,,11200,0,0,1,12,1,1,14,1,27,96
4,2,WDS,2024-09-26,THU,0,0,0,19,15400,0502aF,11:13,,11500,0,0,5.5,12,1,0,15,1,27,96
4,2,WDS,2024-09-26,THU,0,0,0,19,15400,0503aF,11:15,,11900,0,0,1.5,12,1,1,15,1,27,96
4,2,WDS,2024-09-26,THU,0,0,0,19,15400,0700bD,11:18,,12400,0,0,2.5,12,0,0,15,1,27,96
4,2,WDS,2024-09-26,THU,0,0,0,19,15400,0800aF,11:20,,12700,0,0,2.5,12,0,3,12,1,27,96
4,2,WDS,2024-09-26,THU,0,0,0,19,15400,0801aF,11:21,,13000,0,0,2.5,12,0,3,9,1,27,96
4,2,WDS,2024-09-26,THU,0,0,0,19,15400,0802aF,11:23,,13700,0,0,2.5,12,0,2,7,1,27,96
4,2,WDS,2024-09-26,THU,0,0,0,19,15400,0900aF,11:25,,14300,0,0,7.5,12,2,1,8,1,27,96
4,2,WDS,2024-09-26,THU,0,0,0,19,15400,0901aF,11:26,,14700,0,0,7.5,12,0,0,8,1,27,96
4,2,WDS,2024-09-26,THU,0,0,0,19,15400,0902aF,11:28,,15000,0,0,8,12,1,1,8,1,27,96
4,2,WDS,2024-09-26,THU,0,0,0,19,15400,1100aF,11:29,,15400,0,0,7.5,12,0,2,6,1,27,96
4,2,WDS,2024-09-26,THU,0,0,0,19,15400,1101aF,11:31,,0,0,1,7.5,12,0,6,0,1,27,96
5,4,WDS,2024-09-26,THU,0,0,0,20,15300,1101aB,11:36,,0,1,0,12,12,5,0,5,0,32,103
5,4,WDS,2024-09-26,THU,0,0,0,20,15300,1100aB,11:38,,437,0,0,12,12,2,0,7,0,32,103
5,4,WDS,2024-09-26,THU,0,0,0,20,15300,0902aB,11:39,,781,0,0,11,12,3,0,10,0,32,103
6,7,WDS,2024-09-26,THU,0,0,0,20,7110,0902aF,11:46,,5710,0,0,6,36,0,1,5,1,27,96
6,7,WDS,2024-09-26,THU,0,0,0,20,7110,1000aF,11:48,,6340,0,0,36,36,0,0,5,1,27,96
6,7,WDS,2024-09-26,THU,0,0,0,20,7110,1001aF,11:51,,7110,0,1,36,36,0,5,0,1,27,96
7,7,WDS,2024-09-26,THU,0,0,0,20,7110,1001aB,11:53,,0,1,0,35.5,35.5,2,0,2,1,27,96
7,7,WDS,2024-09-26,THU,0,0,0,20,7110,1000aB,11:55,,700,0,0,35.5,35.5,0,0,2,1,27,96
7,7,WDS,2024-09-26,THU,0,0,0,20,7110,0902aB,11:58,,1350,0,0,6,35.5,3,0,5,1,27,96
7,7,WDS,2024-09-26,THU,0,0,0,20,7110,0901aB,11:59,,1710,0,0,6,35.5,1,0,6,1,27,96
7,7,WDS,2024-09-26,THU,0,0,0,20,7110,0900aB,12:01,,2130,0,0,6,35.5,6,1,11,1,27,96
7,7,WDS,2024-09-26,THU,0,0,0,20,7110,0802aB,12:02,,2710,0,0,6,35.5,1,0,12,1,27,96
7,7,WDS,2024-09-26,THU,0,0,0,20,7110,0801aB,12:04,,3400,0,0,6,35.5,2,1,13,1,27,96
7,7,WDS,2024-09-26,THU,0,0,0,20,7110,0800aB,12:05,,3630,0,0,6,35.5,2,2,13,1,27,96
7,7,WDS,2024-09-26,THU,0,0,0,20,7110,0700bU,12:07,,4000,0,0,6,35.5,3,3,13,1,27,96
7,7,WDS,2024-09-26,THU,0,0,0,20,7110,0602aB,12:09,,4450,0,0,2.5,35.5,6,3,16,1,27,96
7,7,WDS,2024-09-26,THU,0,0,0,20,7110,0601aB,12:12,,4840,0,0,5.5,35.5,8,0,24,1,27,96
7,7,WDS,2024-09-26,THU,0,0,0,20,7110,0600aB,12:14,,5150,0,0,5.5,35.5,5,2,27,1,27,96
7,7,WDS,2024-09-26,THU,0,0,0,20,7110,0103aB,12:17,,5900,0,0,4.5,35.5,8,8,27,1,27,96
7,7,WDS,2024-09-26,THU,0,0,0,20,7110,0102aB,12:19,,6250,0,0,4.5,35.5,0,3,24,1,27,96
7,7,WDS,2024-09-26,THU,0,0,0,20,7110,0101aB,12:20,,6680,0,0,4.5,35.5,0,19,5,1,27,96
7,7,WDS,2024-09-26,THU,0,0,0,20,7110,0100aB,12:23,,7020,0,1,4,35.5,0,5,0,1,27,96
8,1,WDS,2024-09-26,THU,0,0,0,20,12100,0100aF,12:31,,0,1,0,3,11,8,0,8,0,30,96
8,1,WDS,2024-09-26,THU,0,0,0,20,12100,0101aF,12:32,,360,0,0,8.5,11,20,2,26,0,30,96
8,1,WDS,2024-09-26,THU,0,0,0,20,12100,0102aF,12:34,,770,0,0,8.5,11,0,1,25,0,30,96
8,1,WDS,2024-09-26,THU,0,0,0,20,12100,0103aF,12:35,,1120,0,0,9,11,6,7,24,0,30,96
8,1,WDS,2024-09-26,THU,0,0,0,20,12100,0200aF,12:38,,1660,0,0,2,11,4,4,24,0,30,96
8,1,WDS,2024-09-26,THU,0,0,0,20,12100,0400aF,12:40,,2150,0,0,6,11,8,5,27,0,30,96
8,1,WDS,2024-09-26,THU,0,0,0,20,12100,0401aF,12:43,,2840,0,0,6,11,1,2,26,0,30,96
8,1,WDS,2024-09-26,THU,0,0,0,20,12100,0402aF,12:45,,3250,0,0,6,11,5,0,31,0,30,96
8,1,WDS,2024-09-26,THU,0,0,0,20,12100,0403aF,12:46,,3580,0,0,6,11,2,8,25,0,30,96
8,1,WDS,2024-09-26,THU,0,0,0,20,12100,0404aF,12:48,,4120,0,0,6,11,4,10,19,0,30,96
9,3,WDS,2024-09-26,THU,0,0,0,20,12100,0403aB,13:19,,8550,0,0,1.5,12,5,3,25,0,30,96
9,3,WDS,2024-09-26,THU,0,0,0,20,12100,0402aB,13:21,,8890,0,0,2,12,2,0,27,0,30,96
9,3,WDS,2024-09-26,THU,0,0,0,20,12100,0401aB,13:22,,9290,0,0,1.5,12,3,2,28,0,30,96
9,3,WDS,2024-09-26,THU,0,0,0,20,12100,0400aB,13:25,,9980,0,0,1.5,12,1,2,27,0,30,96
9,3,WDS,2024-09-26,THU,0,0,0,20,12100,0200aB,13:27,,10500,0,0,1.5,12,0,4,23,0,30,96
10,9,WDS,2024-09-26,THU,0,0,0,20,3050,0103aF,13:40,,1120,0,0,2.5,33.5,4,4,7,1,27,96
10,9,WDS,2024-09-26,THU,0,0,0,20,3050,0200aF,13:41,,1660,0,0,3.5,33.5,3,2,8,1,27,96
10,9,WDS,2024-09-26,THU,0,0,0,20,3050,0303aF,13:45,,1150,0,0,10,34,0,0,8,1,27,96
10,9,WDS,2024-09-26,THU,0,0,0,20,3050,0302aF,13:46,,870,0,0,10,34,0,0,8,1,27,96
10,9,WDS,2024-09-26,THU,0,0,0,20,3050,0301aF,13:47,,410,0,0,10,34,1,2,7,1,27,96
10,9,WDS,2024-09-26,THU,0,0,0,20,3050,0300aF,13:48,,3050,0,1,10,34,0,7,0,1,27,96
11,9,WDS,2024-10-04,FRI,0,0,0,11,3050,0300aF,10:41,8,0,1,0,5,35.5,15,0,15,1,27,96
11,9,WDS,2024-10-04,FRI,0,0,0,11,3050,0301aF,10:43,,410,0,0,5,35.5,1,0,16,1,27,96
11,9,WDS,2024-10-04,FRI,0,0,0,11,3050,0302aF,10:45,,870,0,0,5,35.5,0,0,16,1,27,96
11,9,WDS,2024-10-04,FRI,0,0,0,11,3050,0303aF,10:46,,1150,0,0,5,35.5,0,0,16,1,27,96
11,9,WDS,2024-10-04,FRI,0,0,0,11,3050,0200aB,10:48,,1430,0,0,3,35.5,10,5,21,1,27,96
11,9,WDS,2024-10-04,FRI,0,0,0,11,3050,0103aB,10:50,,1930,0,0,5,35.5,16,5,32,1,27,96
11,9,WDS,2024-10-04,FRI,0,0,0,11,3050,0102aB,10:52,,2280,0,0,5,35.5,1,2,31,1,27,96
11,9,WDS,2024-10-04,FRI,0,0,0,11,3050,0101aB,10:54,,2710,0,0,5,35.5,0,28,3,1,27,96
11,9,WDS,2024-10-04,FRI,0,0,0,11,3050,0100aB,10:56,,3050,0,1,5.5,35.5,0,3,0,1,27,96
12,1,WDS,2024-10-04,FRI,0,0,0,11,12100,0100aF,11:03,,0,1,0,3.5,11.5,5,0,5,1,33,94
12,1,WDS,2024-10-04,FRI,0,0,0,11,12100,0101aF,11:04,,360,0,0,3.5,11.5,22,0,27,1,33,94
12,1,WDS,2024-10-04,FRI,0,0,0,11,12100,0102aF,11:06,,770,0,0,3.5,11.5,8,0,35,1,33,94
12,1,WDS,2024-10-04,FRI,0,0,0,11,12100,0103aF,11:08,,1120,0,0,3.5,11.5,11,5,41,1,33,94
12,1,WDS,2024-10-04,FRI,0,0,0,11,12100,0200aF,11:11,,1660,0,0,3,11.5,12,4,49,1,33,94
12,1,WDS,2024-10-04,FRI,0,0,0,11,12100,0400aF,11:13,,2150,0,0,6,11.5,4,3,50,1,33,94
12,1,WDS,2024-10-04,FRI,0,0,0,11,12100,0401aF,11:15,,2840,0,0,6,11.5,0,1,49,1,33,94
12,1,WDS,2024-10-04,FRI,0,0,0,11,12100,0402aF,11:17,,3250,0,0,6,11.5,1,8,42,1,33,94
12,1,WDS,2024-10-04,FRI,0,0,0,11,12100,0403aF,11:18,,3580,0,0,6,11.5,6,9,39,1,33,94
12,1,WDS,2024-10-04,FRI,0,0,0,11,12100,0404aF,11:21,36,4120,0,0,6,11.5,7,11,35,1,33,94
12,1,WDS,2024-10-04,FRI,0,0,0,11,12100,0405aF,11:23,,4730,0,0,6,11.5,5,11,29,1,33,94
12,1,WDS,2024-10-04,FRI,0,0,0,11,12100,0406aF,11:24,,5080,0,0,6,11.5,3,1,31,1,33,94
12,1,WDS,2024-10-04,FRI,0,0,0,11,12100,0407aF,11:26,,5420,0,0,6,11.5,4,2,33,1,33,94
12,1,WDS,2024-10-04,FRI,0,0,0,11,12100,0408aF,11:27,,5970,0,0,6,11.5,2,3,32,1,33,94
12,1,WDS,2024-10-04,FRI,0,0,0,11,12100,0409aF,11:28,,6490,0,0,6,11.5,4,7,29,1,33,94
12,1,WDS,2024-10-04,FRI,0,0,0,11,12100,0410aF,11:30,,7090,0,0,6,11.5,6,3,32,1,33,94
12,1,WDS,2024-10-04,FRI,0,0,0,11,12100,0500aF,11:32,,7680,0,0,5.5,11.5,1,1,32,1,33,94
12,1,WDS,2024-10-04,FRI,0,0,0,11,12100,0501aF,11:34,,8030,0,0,5.5,11.5,2,5,29,1,33,94
12,1,WDS,2024-10-04,FRI,0,0,0,11,12100,0502aF,11:35,,8290,0,0,5,11.5,8,4,33,1,33,94
12,1,WDS,2024-10-04,FRI,0,0,0,11,12100,0503aF,11:36,,8690,0,0,5.5,11.5,3,3,33,1,33,94
12,1,WDS,2024-10-04,FRI,0,0,0,11,12100,0700aC,11:37,,9160,0,0,7,11.5,4,6,31,1,33,94
12,1,WDS,2024-10-04,FRI,0,0,0,11,12100,0602aB,11:40,,9510,0,0,3,11.5,4,8,27,1,33,94
12,1,WDS,2024-10-04,FRI,0,0,0,11,12100,0601aB,11:43,,9960,0,0,3,11.5,4,0,31,1,33,94
12,1,WDS,2024-10-04,FRI,0,0,0,11,12100,0600aB,11:45,,10300,0,0,3,11.5,3,6,28,1,33,94
12,1,WDS,2024-10-04,FRI,0,0,0,11,12100,0103aB,11:49,,11000,0,0,6,11.5,5,8,25,1,33,94
12,1,WDS,2024-10-04,FRI,0,0,0,11,12100,0102aB,11:51,,11400,0,0,6,11.5,0,3,22,1,33,94
12,1,WDS,2024-10-04,FRI,0,0,0,11,12100,0101aB,11:53,,11800,0,0,6,11.5,0,21,1,1,33,94
12,1,WDS,2024-10-04,FRI,0,0,0,11,12100,0100aB,11:54,,12100,0,1,6,11.5,0,1,0,1,33,94
13,3,WDS,2024-10-04,FRI,0,0,0,13,12100,0100aF,12:01,,0,1,0,1.5,12,8,0,8,1,33,94
13,3,WDS,2024-10-04,FRI,0,0,0,13,12100,0101aF,12:04,,360,0,0,5.5,12,18,3,23,1,33,94
13,3,WDS,2024-10-04,FRI,0,0,0,13,12100,0102aF,12:05,,770,0,0,5.5,12,5,0,28,1,33,94
13,3,WDS,2024-10-04,FRI,0,0,0,13,12100,0103aF,12:07,,1120,0,0,5.5,12,7,3,32,1,33,94
13,3,WDS,2024-10-04,FRI,0,0,0,13,12100,0600aF,12:11,,1890,0,0,3.5,12,2,5,29,1,33,94
13,3,WDS,2024-10-04,FRI,0,0,0,13,12100,0601aF,12:13,,2180,0,0,3.5,12,3,1,31,1,33,94
13,3,WDS,2024-10-04,FRI,0,0,0,13,12100,0602aF,12:14,,2620,0,0,3,12,2,5,28,1,33,94
13,3,WDS,2024-10-04,FRI,0,0,0,13,12100,0700aA,12:18,,3040,0,0,7,12,3,11,20,1,33,94
13,3,WDS,2024-10-04,FRI,0,0,0,13,12100,0503aB,12:19,,3470,0,0,7.5,12,0,5,15,1,33,94
13,3,WDS,2024-10-04,FRI,0,0,0,13,12100,0502aB,12:21,,3840,0,0,6,12,5,4,16,1,33,94
13,3,WDS,2024-10-04,FRI,0,0,0,13,12100,0501aB,12:22,,4110,0,0,7,12,1,3,14,1,33,94
13,3,WDS,2024-10-04,FRI,0,0,0,13,12100,0500aB,12:23,,4530,0,0,7,12,8,2,20,1,33,94
14,5,WDS,2024-10-04,FRI,0,0,0,14,4390,0500aF,12:29,,0,1,0,4.5,19,2,0,2,0,30,96
14,5,WDS,2024-10-04,FRI,0,0,0,14,4390,0501aF,12:31,,380,0,0,4,19,0,0,2,0,30,96
14,5,WDS,2024-10-04,FRI,0,0,0,14,4390,0502aF,12:32,,650,0,0,4.5,19,2,0,4,0,30,96
14,5,WDS,2024-10-04,FRI,0,0,0,14,4390,0503aF,12:33,,1040,0,0,4.5,19,4,1,7,0,30,96
14,5,WDS,2024-10-04,FRI,0,0,0,14,4390,0700aC,12:35,,1510,0,0,5.5,19,5,3,9,0,30,96
14,5,WDS,2024-10-04,FRI,0,0,0,14,4390,0602aB,12:38,,1870,0,0,4.5,19,4,1,12,0,30,96
14,5,WDS,2024-10-04,FRI,0,0,0,14,4390,0601aB,12:40,,2310,0,0,4.5,19,0,3,9,0,30,96
14,5,WDS,2024-10-04,FRI,0,0,0,14,4390,0600aB,12:42,,2620,0,0,6,19,2,2,9,0,30,96
14,5,WDS,2024-10-04,FRI,0,0,0,14,4390,0200aF,12:45,,2980,0,0,5.5,19,9,1,17,0,30,96
14,5,WDS,2024-10-04,FRI,0,0,0,14,4390,0303aB,12:47,,3280,0,0,15.5,19,1,0,18,0,30,96
14,5,WDS,2024-10-04,FRI,0,0,0,14,4390,0302aB,12:49,,3520,0,0,15.5,19,0,0,18,0,30,96
14,5,WDS,2024-10-04,FRI,0,0,0,14,4390,0301aB,12:50,,3970,0,0,15.5,19,2,10,10,0,30,96
14,5,WDS,2024-10-04,FRI,0,0,0,14,4390,0300aF,12:52,,4390,0,1,12,21,0,10,0,0,30,96
15,10,WDS,2024-10-04,FRI,0,0,0,14,12200,0300aF,13:05,,0,1,0,10.5,61.5,7,0,7,1,33,94
15,10,WDS,2024-10-04,FRI,0,0,0,14,12200,0301aF,13:06,,410,0,0,10.5,61.5,7,0,14,1,33,94
15,10,WDS,2024-10-04,FRI,0,0,0,14,12200,0302aF,13:07,,870,0,0,10.5,61.5,0,1,13,1,33,94
15,10,WDS,2024-10-04,FRI,0,0,0,14,12200,0303aF,13:08,,1150,0,0,10.5,61.5,1,1,13,1,33,94
15,10,WDS,2024-10-04,FRI,0,0,0,14,12200,0200aB,13:11,,1430,0,0,5,61.5,1,4,10,1,33,94
15,10,WDS,2024-10-04,FRI,0,0,0,14,12200,0600aF,13:15,,1750,0,0,6,61.5,5,1,14,1,33,94
15,10,WDS,2024-10-04,FRI,0,0,0,14,12200,0601aF,13:17,,2050,0,0,5.5,61.5,0,1,13,1,33,94
15,10,WDS,2024-10-04,FRI,0,0,0,14,12200,0602aF,13:18,,2480,0,0,6,61.5,3,4,12,1,33,94
15,10,WDS,2024-10-04,FRI,0,0,0,14,12200,0700bD,13:20,,2930,0,0,6,61.5,0,3,9,1,33,94
15,10,WDS,2024-10-04,FRI,0,0,0,14,12200,0800aF,13:22,,3250,0,0,5.5,61.5,4,1,12,1,33,94
15,10,WDS,2024-10-04,FRI,0,0,0,14,12200,0801aF,13:23,,3540,0,0,5.5,61.5,1,1,12,1,33,94
15,10,WDS,2024-10-04,FRI,0,0,0,14,12200,0802aF,13:25,,4180,0,0,5.5,61.5,0,1,11,1,33,94
15,10,WDS,2024-10-04,FRI,0,0,0,14,12200,0900aF,13:27,,4800,0,0,6.5,61.5,7,1,17,1,33,94
15,10,WDS,2024-10-04,FRI,0,0,0,14,12200,0901aF,13:28,,5170,0,0,6.5,61.5,0,3,14,1,33,94
15,10,WDS,2024-10-04,FRI,0,0,0,14,12200,0902aF,13:30,,5570,0,0,6,61.5,2,1,15,1,33,94
15,10,WDS,2024-10-04,FRI,0,0,0,14,12200,1100aF,13:31,,5890,0,0,12,61.5,1,4,12,1,33,94
15,10,WDS,2024-10-04,FRI,0,0,0,14,12200,1101aF,13:36,,6360,0,0,6,61.5,15,8,19,1,33,94
15,10,WDS,2024-10-04,FRI,0,0,0,14,12200,1200aF,13:38,,6850,0,0,6,61.5,4,1,22,1,33,94
15,10,WDS,2024-10-04,FRI,0,0,0,14,12200,1201aF,13:40,,7280,0,0,6,61.5,0,7,15,1,33,94
15,10,WDS,2024-10-04,FRI,0,0,0,14,12200,1202aF,13:41,,7590,0,0,6,61.5,2,2,15,1,33,94
15,10,WDS,2024-10-04,FRI,0,0,0,14,12200,1203aF,13:43,,7980,0,0,6,61.5,8,5,18,1,33,94
15,10,WDS,2024-10-04,FRI,0,0,0,14,12200,0802aB,13:45,,8420,0,0,5.5,61.5,3,0,21,1,33,94
16,4,WDS,2024-10-04,FRI,1,0,0,14,15300,0802aF,13:46,,13800,0,0,2,12,1,0,24,1,27,96
16,4,WDS,2024-10-04,FRI,1,0,0,14,15300,1203aB,13:49,,14200,0,0,12,12,7,6,25,1,27,96
16,4,WDS,2024-10-04,FRI,1,0,0,14,15300,1202aB,13:50,,14600,0,0,12,12,1,3,23,1,27,96
16,4,WDS,2024-10-04,FRI,1,0,0,14,15300,1201aB,13:51,,14900,0,0,12,12,1,2,22,1,27,96
16,4,WDS,2024-10-04,FRI,1,0,0,14,15300,1200aB,13:53,,15300,0,0,12,12,1,9,14,1,27,96
16,4,WDS,2024-10-04,FRI,1,0,0,14,15300,1101aB,13:55,,0,0,1,12,12,0,14,0,1,27,96
17,4,WDS,2024-10-04,FRI,1,0,0,14,15300,1101aB,14:00,,0,1,0,12,12,15,0,15,0,32,103
17,4,WDS,2024-10-04,FRI,1,0,0,14,15300,1100aB,14:01,,437,0,0,12,12,9,1,23,0,32,103
17,4,WDS,2024-10-04,FRI,1,0,0,14,15300,0902aB,14:03,,781,0,0,11,12,3,1,25,0,32,103
17,4,WDS,2024-10-04,FRI,1,0,0,14,15300,0901aB,14:04,,1140,0,0,11.5,12,3,2,26,0,32,103
17,4,WDS,2024-10-04,FRI,1,0,0,14,15300,0900aB,14:05,,1540,0,0,11.5,12,10,2,34,0,32,103
17,4,WDS,2024-10-04,FRI,1,0,0,14,15300,0802aB,14:06,,2140,0,0,6,12,0,1,33,0,32,103
17,4,WDS,2024-10-04,FRI,1,0,0,14,15300,0801aB,14:08,,2790,0,0,6,12,4,6,31,0,32,103
17,4,WDS,2024-10-04,FRI,1,0,0,14,15300,0800aB,14:09,,3060,0,0,6,12,6,1,36,0,32,103
17,4,WDS,2024-10-04,FRI,1,0,0,14,15300,0700bU,14:10,,3430,0,0,6,12,1,12,25,0,32,103
17,4,WDS,2024-10-04,FRI,1,0,0,14,15300,0503aB,14:12,,3950,0,0,8,12,1,4,22,0,32,103
17,4,WDS,2024-10-04,FRI,1,0,0,14,15300,0502aB,14:13,,4320,0,0,2.5,12,2,2,22,0,32,103
17,4,WDS,2024-10-04,FRI,1,0,0,14,15300,0501aB,14:14,,4590,0,0,8,12,4,3,23,0,32,103
17,4,WDS,2024-10-04,FRI,1,0,0,14,15300,0500aB,14:16,,5010,0,0,7.5,12,0,0,23,0,32,103
17,4,WDS,2024-10-04,FRI,1,0,0,14,15300,0410aB,14:18,,5540,0,0,10.5,12,0,1,22,0,32,103
17,4,WDS,2024-10-04,FRI,1,0,0,14,15300,0409aB,14:19,,6120,0,0,10.5,12,1,3,20,0,32,103
17,4,WDS,2024-10-04,FRI,1,0,0,14,15300,0408aB,14:21,,6690,0,0,6,12,0,2,18,0,32,103
17,4,WDS,2024-10-04,FRI,1,0,0,14,15300,0407aB,14:22,,7250,0,0,6,12,0,0,18,0,32,103
17,4,WDS,2024-10-04,FRI,1,0,0,14,15300,0406aB,14:24,,7590,0,0,6,12,0,3,15,0,32,103
17,4,WDS,2024-10-04,FRI,1,0,0,14,15300,0405aB,14:25,,7930,0,0,6,12,0,2,13,0,32,103
17,4,WDS,2024-10-04,FRI,1,0,0,14,15300,0404aB,14:27,12,8470,0,0,6,12,10,8,15,0,32,103
17,4,WDS,2024-10-04,FRI,1,0,0,14,15300,0403aB,14:30,,9030,0,0,6,12,4,0,19,0,32,103
17,4,WDS,2024-10-04,FRI,1,0,0,14,15300,0402aB,14:31,,9370,0,0,6,12,4,1,22,0,32,103
17,4,WDS,2024-10-04,FRI,1,0,0,14,15300,0401aB,14:33,,9770,0,0,6,12,1,2,23,0,32,103
17,4,WDS,2024-10-04,FRI,1,0,0,14,15300,0400aB,14:34,,10500,0,0,6,12,7,1,29,0,32,103
17,4,WDS,2024-10-04,FRI,1,0,0,14,15300,0200aB,14:36,,11000,0,0,5,12,3,0,32,0,32,103
18,5,OFF,2024-10-06,SUN,0,0,5,5,4390,0300aF,08:53,14,0,1,0,10,16,11,0,11,1,27,96
18,5,OFF,2024-10-06,SUN,0,0,5,5,4390,0301aF,08:55,,410,0,0,10,16,11,0,22,1,27,96
18,5,OFF,2024-10-06,SUN,0,0,5,5,4390,0302aF,08:57,,870,0,0,10.5,16,0,0,22,1,27,96
18,5,OFF,2024-10-06,SUN,0,0,5,5,4390,0303aF,08:58,,1150,0,0,10.5,16,0,1,21,1,27,96
18,5,OFF,2024-10-06,SUN,0,0,5,5,4390,0200aB,09:00,,1430,0,0,2,16,0,8,13,1,27,96
18,5,OFF,2024-10-06,SUN,0,0,5,5,4390,0600aF,09:02,,1750,0,0,5,16,0,2,11,1,27,96
18,5,OFF,2024-10-06,SUN,0,0,5,5,4390,0601aF,09:04,,2050,0,0,5,16,0,1,10,1,27,96
18,5,OFF,2024-10-06,SUN,0,0,5,5,4390,0602aF,09:07,,2480,0,0,6,16,2,2,10,1,27,96
18,5,OFF,2024-10-06,SUN,0,0,5,5,4390,0700aA,09:09,,2900,0,0,12,16,0,7,3,1,27,96
18,5,OFF,2024-10-06,SUN,0,0,5,5,4390,0503aB,09:11,,3330,0,0,1,16,0,0,3,1,27,96
18,5,OFF,2024-10-06,SUN,0,0,5,5,4390,0502aB,09:12,,3710,0,0,6,16,0,2,1,1,27,96
18,5,OFF,2024-10-06,SUN,0,0,5,5,4390,0501aB,09:13,,3970,0,0,1,16,0,0,1,1,27,96
18,5,OFF,2024-10-06,SUN,0,0,5,5,4390,0500aB,09:14,,4390,0,1,6,16,0,1,0,1,27,96
19,4,OFF,2024-10-06,SUN,0,0,4,6,15300,0500aB,09:20,,5010,0,0,6,12,2,0,18,1,33,94
19,4,OFF,2024-10-06,SUN,0,0,4,6,15300,0410aB,09:22,,5540,0,0,6,12,1,1,18,1,33,94
19,4,OFF,2024-10-06,SUN,0,0,4,6,15300,0409aB,09:23,,6120,0,0,6,12,2,1,19,1,33,94
19,4,OFF,2024-10-06,SUN,0,0,4,6,15300,0408aB,09:25,,6690,0,0,6,12,2,0,20,1,33,94
19,4,OFF,2024-10-06,SUN,0,0,4,6,15300,0407aB,09:27,,7250,0,0,6,12,0,2,18,1,33,94
19,4,OFF,2024-10-06,SUN,0,0,4,6,15300,0406aB,09:28,,7590,0,0,6,12,1,0,19,1,33,94
19,4,OFF,2024-10-06,SUN,0,0,4,6,15300,0405aB,09:30,,7930,0,0,6,12,1,1,19,1,33,94
19,4,OFF,2024-10-06,SUN,0,0,4,6,15300,0404aB,09:31,,8470,0,0,6,12,5,12,12,1,33,94
19,4,OFF,2024-10-06,SUN,0,0,4,6,15300,0403aB,09:33,,9030,0,0,6,12,4,1,15,1,33,94
19,4,OFF,2024-10-06,SUN,0,0,4,6,15300,0402aB,09:34,,9370,0,0,6,12,2,2,15,1,33,94
19,4,OFF,2024-10-06,SUN,0,0,4,6,15300,0401aB,09:36,,9770,0,0,6,12,0,0,15,1,33,94
19,4,OFF,2024-10-06,SUN,0,0,4,6,15300,0400aB,09:38,,10500,0,0,6,12,1,6,10,1,33,94
19,4,OFF,2024-10-06,SUN,0,0,4,6,15300,0200aB,09:41,,11000,0,0,2.5,12,3,7,6,1,33,94
19,4,OFF,2024-10-06,SUN,0,0,4,6,15300,0600aF,09:43,,11300,0,0,1.5,12,1,2,5,1,33,94
19,4,OFF,2024-10-06,SUN,0,0,4,6,15300,0601aF,09:45,,11600,0,0,1.5,12,1,0,6,1,33,94
19,4,OFF,2024-10-06,SUN,0,0,4,6,15300,0602aF,09:46,,12100,0,0,1.5,12,1,1,6,1,33,94
19,4,OFF,2024-10-06,SUN,0,0,4,6,15300,0700bD,09:50,,12500,0,0,2,12,1,2,5,1,33,94
19,4,OFF,2024-10-06,SUN,0,0,4,6,15300,0800aF,09:51,,12900,0,0,2.5,12,5,0,10,1,33,94
19,4,OFF,2024-10-06,SUN,0,0,4,6,15300,0801aF,09:52,,13100,0,0,2.5,12,0,0,10,1,33,94
19,4,OFF,2024-10-06,SUN,0,0,4,6,15300,0802aF,09:54,,13800,0,0,2,12,0,4,6,1,33,94
19,4,OFF,2024-10-06,SUN,0,0,4,6,15300,1203aB,09:56,,14200,0,0,12,12,0,2,4,1,33,94
19,4,OFF,2024-10-06,SUN,0,0,4,6,15300,1202aB,09:57,,14600,0,0,12,12,0,1,3,1,33,94
19,4,OFF,2024-10-06,SUN,0,0,4,6,15300,1201aB,09:59,,14900,0,0,12,12,1,1,3,1,33,94
19,4,OFF,2024-10-06,SUN,0,0,4,6,15300,1200aB,10:01,,15300,0,0,12,12,1,0,4,1,33,94
19,4,OFF,2024-10-06,SUN,0,0,4,6,15300,1101aB,10:02,,0,0,1,12,12,0,4,0,1,33,94
20,7,OFF,2024-10-06,SUN,0,0,8,6,7110,1001aB,10:13,,0,1,0,36,36,2,0,2,0,30,96
20,7,OFF,2024-10-06,SUN,0,0,8,6,7110,1000aB,10:16,,700,0,0,36,36,0,0,2,0,30,96
20,7,OFF,2024-10-06,SUN,0,0,8,6,7110,0902aB,10:18,,1350,0,0,12,36,0,0,2,0,30,96
20,7,OFF,2024-10-06,SUN,0,0,8,6,7110,0901aB,10:20,,1710,0,0,6,36,1,1,2,0,30,96
20,7,OFF,2024-10-06,SUN,0,0,8,6,7110,0900aB,10:21,,2130,0,0,6,36,3,0,5,0,30,96
20,7,OFF,2024-10-06,SUN,0,0,8,6,7110,0802aB,10:23,,2710,0,0,2,36,1,2,4,0,30,96
20,7,OFF,2024-10-06,SUN,0,0,8,6,7110,0801aB,10:25,,3400,0,0,2,36,1,0,5,0,30,96
20,7,OFF,2024-10-06,SUN,0,0,8,6,7110,0800aB,10:27,,3630,0,0,4.5,36,2,0,7,0,30,96
20,7,OFF,2024-10-06,SUN,0,0,8,6,7110,0700bU,10:29,,4000,0,0,2,36,5,1,11,0,30,96
20,7,OFF,2024-10-06,SUN,0,0,8,6,7110,0602aB,10:31,,4450,0,0,2,36,3,2,12,0,30,96
20,7,OFF,2024-10-06,SUN,0,0,8,6,7110,0601aB,10:34,,4840,0,0,2,36,0,0,12,0,30,96
20,7,OFF,2024-10-06,SUN,0,0,8,6,7110,0600aB,10:36,,5150,0,0,4.5,36,1,1,12,0,30,96
20,7,OFF,2024-10-06,SUN,0,0,8,6,7110,0103aB,10:39,,5900,0,0,6,36,6,4,14,0,30,96
21,1,OFF,2024-10-06,SUN,0,0,3,8,12100,0103aB,11:11,,11000,0,0,3.5,11,5,2,28,1,27,96
21,1,OFF,2024-10-06,SUN,0,0,3,8,12100,0102aB,11:12,,11400,0,0,3.5,11,0,0,26,1,27,96
21,1,OFF,2024-10-06,SUN,0,0,3,8,12100,0101aB,11:14,,11800,0,0,3.5,11,2,20,8,1,27,96
21,1,OFF,2024-10-06,SUN,0,0,3,8,12100,0100aB,11:16,,12100,0,1,3.5,11,0,8,0,1,27,96
22,7,OFF,2024-10-06,SUN,0,0,4,8,7110,0100aF,11:23,,0,1,0,3.5,36,2,0,2,1,33,94
22,7,OFF,2024-10-06,SUN,0,0,4,8,7110,0101aF,11:24,,360,0,0,3.5,36,18,0,20,1,33,94
22,7,OFF,2024-10-06,SUN,0,0,4,8,7110,0102aF,11:26,,770,0,0,3.5,36,1,1,20,1,33,94
22,7,OFF,2024-10-06,SUN,0,0,4,8,7110,0103aF,11:27,,1120,0,0,4,36,10,1,29,1,33,94
22,7,OFF,2024-10-06,SUN,0,0,4,8,7110,0600aF,11:30,,1890,0,0,3.5,36,2,1,30,1,33,94
22,7,OFF,2024-10-06,SUN,0,0,4,8,7110,0601aF,11:33,,2180,0,0,3.5,36,2,3,29,1,33,94
22,7,OFF,2024-10-06,SUN,0,0,4,8,7110,0602aF,11:34,,2620,0,0,3.5,36,2,2,29,1,33,94
22,7,OFF,2024-10-06,SUN,0,0,4,8,7110,0700bD,11:37,,3070,0,0,3.5,36,0,8,21,1,33,94
22,7,OFF,2024-10-06,SUN,0,0,4,8,7110,0800aF,11:39,,3390,0,0,3.5,36,0,2,19,1,33,94
22,7,OFF,2024-10-06,SUN,0,0,4,8,7110,0801aF,11:40,,3670,0,0,3.5,36,0,2,17,1,33,94
22,7,OFF,2024-10-06,SUN,0,0,4,8,7110,0802aF,11:42,23,4320,0,0,3.5,36,0,3,14,1,33,94
22,7,OFF,2024-10-06,SUN,0,0,4,8,7110,0900aF,11:44,,4940,0,0,5,36,1,11,4,1,33,94
22,7,OFF,2024-10-06,SUN,0,0,4,8,7110,0901aF,11:45,,5310,0,0,5,36,0,0,4,1,33,94
22,7,OFF,2024-10-06,SUN,0,0,4,8,7110,0902aF,11:47,,5710,0,0,5.5,36,1,2,3,1,33,94
22,7,OFF,2024-10-06,SUN,0,0,4,8,7110,1000aF,11:48,,6340,0,0,36,36,0,0,3,1,33,94
22,7,OFF,2024-10-06,SUN,0,0,4,8,7110,1001aF,11:51,,7110,0,1,36,36,0,3,0,1,33,94
23,2,OFF,2024-10-06,SUN,0,0,4,8,15400,0902aF,12:02,,15000,0,0,9,12,2,3,17,0,30,96
23,2,OFF,2024-10-06,SUN,0,0,4,8,15400,1100aF,12:03,,15400,0,0,9.5,12,2,5,14,0,30,96
23,2,OFF,2024-10-06,SUN,0,0,4,8,15400,1101aF,12:04,,0,0,1,12,12,0,14,0,0,30,96
24,2,OFF,2024-10-06,SUN,0,0,3,8,15400,1101aF,12:08,,0,1,0,12,12,26,0,26,0,30,96
24,2,OFF,2024-10-06,SUN,0,0,3,8,15400,1200aF,12:10,,490,0,0,12,12,5,1,30,0,30,96
24,2,OFF,2024-10-06,SUN,0,0,3,8,15400,1201aF,12:11,,910,0,0,12,12,2,3,29,0,30,96
24,2,OFF,2024-10-06,SUN,0,0,3,8,15400,1202aF,12:13,,1220,0,0,12,12,3,0,32,0,30,96
24,2,OFF,2024-10-06,SUN,0,0,3,8,15400,1203aF,12:14,,1620,0,0,12,12,4,0,36,0,30,96
24,2,OFF,2024-10-06,SUN,0,0,3,8,15400,0802aB,12:16,,2060,0,0,6,12,4,2,38,0,30,96
24,2,OFF,2024-10-06,SUN,0,0,3,8,15400,0801aB,12:18,,2700,0,0,6,12,3,2,39,0,30,96
24,2,OFF,2024-10-06,SUN,0,0,3,8,15400,0800aB,12:20,,2970,0,0,6,12,1,1,39,0,30,96
24,2,OFF,2024-10-06,SUN,0,0,3,8,15400,0700bU,12:22,,3340,0,0,6,12,0,4,35,0,30,96
24,2,OFF,2024-10-06,SUN,0,0,3,8,15400,0602aB,12:24,,3740,0,0,5,12,2,3,34,0,30,96
24,2,OFF,2024-10-06,SUN,0,0,3,8,15400,0601aB,12:26,,4180,0,0,5,12,5,4,35,0,30,96
24,2,OFF,2024-10-06,SUN,0,0,3,8,15400,0600aB,12:28,,4490,0,0,5,12,6,5,36,0,30,96
24,2,OFF,2024-10-06,SUN,0,0,3,8,15400,0200aF,12:31,,4830,0,0,1.5,12,5,5,36,0,30,96
24,2,OFF,2024-10-06,SUN,0,0,3,8,15400,0400aF,12:33,,5330,0,0,5,12,4,2,38,0,30,96
24,2,OFF,2024-10-06,SUN,0,0,3,8,15400,0401aF,12:35,,6020,0,0,5,12,3,1,40,0,30,96
25,2,OFF,2024-10-06,SUN,0,0,3,8,15400,0401aF,12:41,,6020,0,0,5.5,12,5,4,35,1,33,94
25,2,OFF,2024-10-06,SUN,0,0,3,8,15400,0402aF,12:43,,6430,0,0,5.5,12,0,5,30,1,33,94
25,2,OFF,2024-10-06,SUN,0,0,3,8,15400,0403aF,12:44,,6750,0,0,5.5,12,4,4,30,1,33,94
25,2,OFF,2024-10-06,SUN,0,0,3,8,15400,0404aF,12:48,,7300,0,0,5.5,12,5,15,20,1,33,94
25,2,OFF,2024-10-06,SUN,0,0,3,8,15400,0405aF,12:50,,7900,0,0,5.5,12,1,0,21,1,33,94
25,2,OFF,2024-10-06,SUN,0,0,3,8,15400,0406aF,12:51,,8250,0,0,5.5,12,0,2,19,1,33,94
25,2,OFF,2024-10-06,SUN,0,0,3,8,15400,0407aF,12:53,,8590,0,0,5.5,12,0,1,18,1,33,94
25,2,OFF,2024-10-06,SUN,0,0,3,8,15400,0408aF,12:54,,9150,0,0,5.5,12,0,0,18,1,33,94
25,2,OFF,2024-10-06,SUN,0,0,3,8,15400,0409aF,12:55,,9660,0,0,5.5,12,1,1,18,1,33,94
25,2,OFF,2024-10-06,SUN,0,0,3,8,15400,0410aF,12:57,,10300,0,0,5.5,12,1,0,19,1,33,94
25,2,OFF,2024-10-06,SUN,0,0,3,8,15400,0500aF,12:59,,10800,0,0,4.5,12,0,1,18,1,33,94
25,2,OFF,2024-10-06,SUN,0,0,3,8,15400,0501aF,13:00,,11200,0,0,4,12,2,2,18,1,33,94
25,2,OFF,2024-10-06,SUN,0,0,3,8,15400,0502aF,13:01,,11500,0,0,4,12,0,0,18,1,33,94
25,2,OFF,2024-10-06,SUN,0,0,3,8,15400,0503aF,13:02,,11900,0,0,4.5,12,1,0,19,1,33,94
25,2,OFF,2024-10-06,SUN,0,0,3,8,15400,0700bD,13:04,,12400,0,0,6,12,2,2,19,1,33,94
26,10,OFF,2024-10-06,SUN,0,0,0,9,12200,0700bU,13:08,,9700,0,0,2,30.5,6,2,14,1,27,96
26,10,OFF,2024-10-06,SUN,0,0,0,9,12200,0602aB,13:10,,10100,0,0,2.5,30.5,0,4,10,1,27,96
26,10,OFF,2024-10-06,SUN,0,0,0,9,12200,0601aB,13:12,,10550,0,0,2.5,30.5,1,0,11,1,27,96
26,10,OFF,2024-10-06,SUN,0,0,0,9,12200,0600aB,13:14,,10850,0,0,2,30.5,1,6,6,1,27,96
26,10,OFF,2024-10-06,SUN,0,0,0,9,12200,0200aF,13:17,,11100,0,0,3,30.5,0,3,3,1,27,96
26,10,OFF,2024-10-06,SUN,0,0,0,9,12200,0303aB,13:18,,11380,0,0,7.5,30.5,0,0,3,1,27,96
26,10,OFF,2024-10-06,SUN,0,0,0,9,12200,0302aB,13:19,,11730,0,0,7.5,30.5,0,0,3,1,27,96
26,10,OFF,2024-10-06,SUN,0,0,0,9,12200,0301aB,13:21,,12180,0,0,8,30.5,0,2,1,1,27,96
26,10,OFF,2024-10-06,SUN,0,0,0,9,12200,0300aF,13:23,,12200,0,1,6,30,0,1,0,1,27,96
27,5,OFF,2024-10-06,SUN,0,0,5,9,4390,0200aF,13:48,,2980,0,0,5,15,2,3,3,0,30,96
27,5,OFF,2024-10-06,SUN,0,0,5,9,4390,0303aB,13:49,,3280,0,0,9,15,0,1,2,0,30,96
27,5,OFF,2024-10-06,SUN,0,0,5,9,4390,0302aB,13:50,,3520,0,0,9,15,0,0,2,0,30,96
27,5,OFF,2024-10-06,SUN,0,0,5,9,4390,0301aB,13:51,,3970,0,0,8.5,15,0,1,1,0,30,96
27,5,OFF,2024-10-06,SUN,0,0,5,9,4390,0300aF,13:53,,4390,0,1,2.5,17,0,1,0,0,30,96
28,9,OFF,2024-10-06,SUN,0,0,3,9,3050,0301aB,13:53,,2660,0,0,6,33.5,0,4,3,1,27,96
28,9,OFF,2024-10-06,SUN,0,0,3,9,3050,0300aF,13:54,,3050,0,1,7.5,33,0,3,0,1,27,96
29,9,WDS,2024-10-11,FRI,0,0,0,10,3050,0300aF,15:25,14,0,1,0,10,33.5,58,0,58,1,27,96
29,9,WDS,2024-10-11,FRI,0,0,0,10,3050,0301aF,15:28,,410,0,0,10,33.5,2,1,59,1,27,96
29,9,WDS,2024-10-11,FRI,0,0,0,10,3050,0302aF,15:30,,870,0,0,10,33.5,1,0,60,1,27,96
29,9,WDS,2024-10-11,FRI,0,0,0,10,3050,0303aF,15:31,,1150,0,0,9.5,33.5,1,2,59,1,27,96
29,9,WDS,2024-10-11,FRI,0,0,0,10,3050,0200aB,15:34,,1430,0,0,5,33.5,1,25,35,1,27,96
29,9,WDS,2024-10-11,FRI,0,0,0,10,3050,0103aB,15:36,,1930,0,0,4,33.5,3,17,21,1,27,96
29,9,WDS,2024-10-11,FRI,0,0,0,10,3050,0102aB,15:37,,2280,0,0,4,33.5,0,0,21,1,27,96
29,9,WDS,2024-10-11,FRI,0,0,0,10,3050,0101aB,15:39,,2710,0,0,4,33.5,1,19,3,1,27,96
29,9,WDS,2024-10-11,FRI,0,0,0,10,3050,0100aB,15:41,,3050,0,1,4.5,33.5,0,3,0,1,27,96
30,1,WDS,2024-10-11,FRI,0,0,3,10,12100,0100aF,15:49,,0,1,0,5.5,11,8,0,8,1,27,96
30,1,WDS,2024-10-11,FRI,0,0,3,10,12100,0101aF,15:51,,360,0,0,5.5,11,17,0,25,1,27,96
30,1,WDS,2024-10-11,FRI,0,0,3,10,12100,0102aF,15:52,,770,0,0,5.5,11,0,0,25,1,27,96
30,1,WDS,2024-10-11,FRI,0,0,3,10,12100,0103aF,15:54,,1120,0,0,5.5,11,5,3,27,1,27,96
30,1,WDS,2024-10-11,FRI,0,0,3,10,12100,0200aF,15:57,,1660,0,0,5,11,11,2,36,1,27,96
30,1,WDS,2024-10-11,FRI,0,0,3,10,12100,0400aF,15:59,,2150,0,0,6,11,3,2,37,1,27,96
30,1,WDS,2024-10-11,FRI,0,0,3,10,12100,0401aF,16:01,,2840,0,0,6,11,0,2,35,1,27,96
30,1,WDS,2024-10-11,FRI,0,0,3,10,12100,0402aF,16:02,,3250,0,0,6,11,1,4,32,1,27,96
30,1,WDS,2024-10-11,FRI,0,0,3,10,12100,0403aF,16:04,,3580,0,0,6,11,2,5,29,1,27,96
30,1,WDS,2024-10-11,FRI,0,0,3,10,12100,0404aF,16:08,37,4120,0,0,6,11,9,12,26,1,27,96
30,1,WDS,2024-10-11,FRI,0,0,3,10,12100,0405aF,16:10,,4730,0,0,6,11,2,4,24,1,27,96
30,1,WDS,2024-10-11,FRI,0,0,3,10,12100,0406aF,16:11,,5080,0,0,6,11,3,4,23,1,27,96
30,1,WDS,2024-10-11,FRI,0,0,3,10,12100,0407aF,16:12,,5420,0,0,6,11,1,7,17,1,27,96
30,1,WDS,2024-10-11,FRI,0,0,3,10,12100,0408aF,16:13,,5970,0,0,6,11,1,1,17,1,27,96
30,1,WDS,2024-10-11,FRI,0,0,3,10,12100,0409aF,16:14,53,6490,0,0,6,11,10,5,22,1,27,96
30,1,WDS,2024-10-11,FRI,0,0,3,10,12100,0410aF,16:16,,7090,0,0,6,11,10,4,28,1,27,96
30,1,WDS,2024-10-11,FRI,0,0,3,10,12100,0500aF,16:17,,7680,0,0,6,11,4,0,32,1,27,96
30,1,WDS,2024-10-11,FRI,0,0,3,10,12100,0501aF,16:19,,8030,0,0,6,11,4,1,35,1,27,96
30,1,WDS,2024-10-11,FRI,0,0,3,10,12100,0502aF,16:20,,8290,0,0,6,11,2,3,34,1,27,96
30,1,WDS,2024-10-11,FRI,0,0,3,10,12100,0503aF,16:21,,8690,0,0,6,11,4,2,36,1,27,96
30,1,WDS,2024-10-11,FRI,0,0,3,10,12100,0700aC,16:24,,9160,0,0,8,11,5,7,34,1,27,96
30,1,WDS,2024-10-11,FRI,0,0,3,10,12100,0602aB,16:26,,9510,0,0,5.5,11,9,6,37,1,27,96
30,1,WDS,2024-10-11,FRI,0,0,3,10,12100,0601aB,16:29,,9960,0,0,5.5,11,0,2,35,1,27,96
30,1,WDS,2024-10-11,FRI,0,0,3,10,12100,0600aB,16:32,,10300,0,0,5.5,11,5,5,35,1,27,96
30,1,WDS,2024-10-11,FRI,0,0,3,10,12100,0103aB,16:35,,11000,0,0,6,11,7,10,32,1,27,96
31,7,WDS,2024-10-11,FRI,0,0,4,9,7110,0103aF,16:36,,1120,0,0,4,36,6,4,34,0,32,103
31,7,WDS,2024-10-11,FRI,0,0,4,9,7110,0600aF,16:41,,1890,0,0,4.5,36,2,4,32,0,32,103
31,7,WDS,2024-10-11,FRI,0,0,4,9,7110,0601aF,16:43,,2180,0,0,9.5,36,2,6,28,0,32,103
31,7,WDS,2024-10-11,FRI,0,0,4,9,7110,0602aF,16:45,,2620,0,0,5,36,5,8,25,0,32,103
31,7,WDS,2024-10-11,FRI,0,0,4,9,7110,0700bD,16:47,,3070,0,0,1,36,2,2,25,0,32,103
31,7,WDS,2024-10-11,FRI,0,0,4,9,7110,0800aF,16:49,,3390,0,0,6,36,4,1,28,0,32,103
31,7,WDS,2024-10-11,FRI,0,0,4,9,7110,0801aF,16:50,,3670,0,0,6,36,2,4,26,0,32,103
31,7,WDS,2024-10-11,FRI,0,0,4,9,7110,0802aF,16:52,,4320,0,0,6,36,0,2,24,0,32,103
31,7,WDS,2024-10-11,FRI,0,0,4,9,7110,0900aF,16:54,,4940,0,0,6,36,3,9,18,0,32,103
31,7,WDS,2024-10-11,FRI,0,0,4,9,7110,0901aF,16:55,,5310,0,0,6,36,2,1,19,0,32,103
31,7,WDS,2024-10-11,FRI,0,0,4,9,7110,0902aF,16:56,,5710,0,0,6,36,1,10,10,0,32,103
31,7,WDS,2024-10-11,FRI,0,0,4,9,7110,1000aF,16:59,,6340,0,0,36,36,0,0,10,0,32,103
31,7,WDS,2024-10-11,FRI,0,0,4,9,7110,1001aF,17:01,,7110,0,1,36,36,0,10,0,0,32,103
32,2,WDS,2024-10-11,FRI,0,0,7,9,15400,0902aF,17:05,,15000,0,0,6.5,12,1,0,22,1,27,96
32,2,WDS,2024-10-11,FRI,0,0,7,9,15400,1100aF,17:06,,15400,0,0,7.5,12,1,2,21,1,27,96
32,2,WDS,2024-10-11,FRI,0,0,7,9,15400,1101aF,17:08,,0,0,1,10.5,12,0,21,0,1,27,96
33,2,WDS,2024-10-11,FRI,0,0,8,9,15400,1101aF,17:11,,0,1,0,10.5,12,9,0,9,1,27,96
33,2,WDS,2024-10-11,FRI,0,0,8,9,15400,1200aF,17:13,,490,0,0,11,12,1,1,9,1,27,96
33,2,WDS,2024-10-11,FRI,0,0,8,9,15400,1201aF,17:14,,910,0,0,10.5,12,1,1,9,1,27,96
33,2,WDS,2024-10-11,FRI,0,0,8,9,15400,1202aF,17:15,,1220,0,0,11,12,3,0,12,1,27,96
33,2,WDS,2024-10-11,FRI,0,0,8,9,15400,1203aF,17:17,,1620,0,0,10.5,12,7,0,19,1,27,96
33,2,WDS,2024-10-11,FRI,0,0,8,9,15400,0802aB,17:18,,2060,0,0,1,12,0,1,18,1,27,96
33,2,WDS,2024-10-11,FRI,0,0,8,9,15400,0801aB,17:20,,2700,0,0,1,12,8,1,15,1,27,96
33,2,WDS,2024-10-11,FRI,0,0,8,9,15400,0800aB,17:21,,2970,0,0,1.5,12,2,1,16,1,27,96
33,2,WDS,2024-10-11,FRI,0,0,8,9,15400,0700bU,17:23,,3340,0,0,1,12,3,1,18,1,27,96
33,2,WDS,2024-10-11,FRI,0,0,8,9,15400,0602aB,17:25,,3740,0,0,5.5,12,2,5,15,1,27,96
33,2,WDS,2024-10-11,FRI,0,0,8,9,15400,0601aB,17:27,,4180,0,0,1.5,12,1,1,15,1,27,96
33,2,WDS,2024-10-11,FRI,0,0,8,9,15400,0600aB,17:30,,4490,0,0,2,12,3,4,14,1,27,96
33,2,WDS,2024-10-11,FRI,0,0,8,9,15400,0200aF,17:33,,4830,0,0,2,12,1,5,10,1,27,96
34,5,WDS,2024-10-11,FRI,0,0,8,8,4390,0200aF,17:34,,2980,0,0,5,25,12,4,22,0,30,96
34,5,WDS,2024-10-11,FRI,0,0,8,8,4390,0303aB,17:36,,3280,0,0,12.5,25,1,3,20,0,30,96
34,5,WDS,2024-10-11,FRI,0,0,8,8,4390,0302aB,17:37,,3520,0,0,12.5,25,0,3,17,0,30,96
34,5,WDS,2024-10-11,FRI,0,0,8,8,4390,0301aB,17:39,,3970,0,0,12.5,25,1,11,7,0,30,96
34,5,WDS,2024-10-11,FRI,0,0,8,8,4390,0300aF,17:41,6,0,0,1,11,24,0,7,0,0,30,96
35,5,OFF,2025-05-02,FRI,0,0,3,-3,4290,0302aF,14:10,,870,0,0,13.5,15,0,0,17,0,32,103
35,5,OFF,2025-05-02,FRI,0,0,3,-3,4290,0301aF,14:10,,410,0,0,14,15,2,0,17,0,32,103
35,5,OFF,2025-05-02,FRI,0,0,3,-3,4290,0300aF,14:10,8,0,1,0,14,15,15,0,15,0,32,103
35,5,OFF,2025-05-02,FRI,0,0,3,-3,4290,0303aF,14:11,,1150,0,0,13.5,15,0,3,14,0,32,103
35,5,OFF,2025-05-02,FRI,0,0,3,-3,4290,0200aB,14:14,,1430,0,0,2,15,2,4,12,0,32,103
35,5,OFF,2025-05-02,FRI,0,0,3,-3,4290,0600aF,14:16,,1750,0,0,2.5,15,0,0,12,0,32,103
35,5,OFF,2025-05-02,FRI,0,0,3,-3,4290,0601aF,14:19,,2050,0,0,5,15,0,0,12,0,32,103
35,5,OFF,2025-05-02,FRI,0,0,3,-3,4290,0602aF,14:20,,2480,0,0,5,15,1,3,10,0,32,103
35,5,OFF,2025-05-02,FRI,0,0,3,-3,4290,0700aA,14:22,,2900,0,0,6,15,0,6,4,0,32,103
35,5,OFF,2025-05-02,FRI,0,0,3,-3,4290,0503aB,14:24,,3400,0,0,6,15,0,1,3,0,32,103
35,5,OFF,2025-05-02,FRI,0,0,3,-3,4290,0502aB,14:25,,3700,0,0,5.5,15,0,0,3,0,32,103
35,5,OFF,2025-05-02,FRI,0,0,3,-3,4290,0501aB,14:26,,4000,0,0,6,15,0,0,3,0,32,103
35,5,OFF,2025-05-02,FRI,0,0,3,-3,4290,0500aB,14:27,,4290,0,1,1,15,0,3,0,0,32,103
36,3,OFF,2025-05-02,FRI,0,0,4,-3,12200,0500aB,14:32,,4530,0,0,2,12,0,0,7,1,27,96
36,3,OFF,2025-05-02,FRI,0,0,4,-3,12200,0410aB,14:33,,5060,0,0,4,12,1,0,8,1,27,96
36,3,OFF,2025-05-02,FRI,0,0,4,-3,12200,0409aB,14:34,,5640,0,0,6,12,0,1,7,1,27,96
36,3,OFF,2025-05-02,FRI,0,0,4,-3,12200,0408aB,14:36,,6210,0,0,6,12,0,2,5,1,27,96
36,3,OFF,2025-05-02,FRI,0,0,4,-3,12200,0407aB,14:38,,6770,0,0,6,12,0,0,5,1,27,96
36,3,OFF,2025-05-02,FRI,0,0,4,-3,12200,0406aB,14:39,,7110,0,0,6,12,3,1,7,1,27,96
36,3,OFF,2025-05-02,FRI,0,0,4,-3,12200,0405aB,14:41,,7460,0,0,6,12,2,1,8,1,27,96
36,3,OFF,2025-05-02,FRI,0,0,4,-3,12200,0404aB,14:45,38,7960,0,0,4,12,9,5,12,1,27,96
36,3,OFF,2025-05-02,FRI,0,0,4,-3,12200,0403aB,14:46,,8550,0,0,6,12,4,2,14,1,27,96
36,3,OFF,2025-05-02,FRI,0,0,4,-3,12200,0402aB,14:48,,8890,0,0,6,12,2,3,13,1,27,96
36,3,OFF,2025-05-02,FRI,0,0,4,-3,12200,0401aB,14:49,,9290,0,0,6,12,5,1,17,1,27,96
36,3,OFF,2025-05-02,FRI,0,0,4,-3,12200,0400aB,14:51,,9980,0,0,6,12,0,1,16,1,27,96
36,3,OFF,2025-05-02,FRI,0,0,4,-3,12200,0200aB,14:53,,10500,0,0,6,12,4,8,12,1,27,96
36,3,OFF,2025-05-02,FRI,0,0,4,-3,12200,0103aB,14:55,,11000,0,0,5.5,12,4,6,10,1,27,96
36,3,OFF,2025-05-02,FRI,0,0,4,-3,12200,0102aB,14:56,,11400,0,0,5.5,12,0,0,10,1,27,96
36,3,OFF,2025-05-02,FRI,0,0,4,-3,12200,0101aB,14:58,,11700,0,0,5.5,12,0,8,2,1,27,96
36,3,OFF,2025-05-02,FRI,0,0,4,-3,12200,0100aB,15:00,,12200,0,1,11.5,12,0,2,0,1,27,96
37,1,OFF,2025-05-02,FRI,1,0,3,-2,12200,0100aF,15:11,,0,1,0,6,10.5,8,0,8,1,27,96
37,1,OFF,2025-05-02,FRI,1,0,3,-2,12200,0101aF,15:13,,360,0,0,6,10.5,3,1,10,1,27,96
37,1,OFF,2025-05-02,FRI,1,0,3,-2,12200,0102aF,15:14,,770,0,0,6,10.5,1,0,11,1,27,96
37,1,OFF,2025-05-02,FRI,1,0,3,-2,12200,0103aF,15:16,,1120,0,0,6,10.5,4,4,11,1,27,96
37,1,OFF,2025-05-02,FRI,1,0,3,-2,12200,0200aF,15:19,,1660,0,0,3,10.5,1,1,11,1,27,96
38,10,OFF,2025-05-02,FRI,0,0,2,-2,12440,0200aF,15:32,,11100,0,0,3,31.5,3,4,8,0,30,96
38,10,OFF,2025-05-02,FRI,0,0,2,-2,12440,0303aB,15:33,,11380,0,0,9,31.5,0,0,8,0,30,96
38,10,OFF,2025-05-02,FRI,0,0,2,-2,12440,0302aB,15:34,,11730,0,0,9,31.5,0,0,8,0,30,96
38,10,OFF,2025-05-02,FRI,0,0,2,-2,12440,0301aB,15:35,,12180,0,0,9,31.5,0,5,3,0,30,96
38,10,OFF,2025-05-02,FRI,0,0,2,-2,12440,0300aF,15:36,14,12300,0,1,3,31.5,0,3,0,0,30,96
39,10,OFF,2025-05-02,FRI,0,0,4,-2,10550,0300aF,15:37,15,0,1,0,3,31.5,5,0,5,0,30,96
39,10,OFF,2025-05-02,FRI,0,0,4,-2,10550,0301aF,15:39,,410,0,0,3,31.5,1,0,6,0,30,96
39,10,OFF,2025-05-02,FRI,0,0,4,-2,10550,0302aF,15:40,,870,0,0,3.5,31.5,0,0,6,0,30,96
39,10,OFF,2025-05-02,FRI,0,0,4,-2,10550,0303aF,15:41,,1150,0,0,3.5,31.5,0,0,6,0,30,96
39,10,OFF,2025-05-02,FRI,0,0,4,-2,10550,0200aB,15:43,,1430,0,0,3,31.5,2,1,7,0,30,96
39,10,OFF,2025-05-02,FRI,0,0,4,-2,10550,0600aF,15:45,,1750,0,0,2.5,31.5,1,0,8,0,30,96
39,10,OFF,2025-05-02,FRI,0,0,4,-2,10550,0601aF,15:49,,2050,0,0,2.5,31.5,0,0,8,0,30,96
39,10,OFF,2025-05-02,FRI,0,0,4,-2,10550,0602aF,15:51,,2480,0,0,3,31.5,0,2,6,0,30,96
39,10,OFF,2025-05-02,FRI,0,0,4,-2,10550,0700bU,15:53,,9700,0,0,2.5,32,2,1,7,0,30,96
39,10,OFF,2025-05-02,FRI,0,0,4,-2,10550,0800aF,15:54,,3250,0,0,4,31.5,0,0,7,0,30,96
39,10,OFF,2025-05-02,FRI,0,0,4,-2,10550,0801aF,15:55,,3540,0,0,4,31.5,0,1,6,0,30,96
39,10,OFF,2025-05-02,FRI,0,0,4,-2,10550,0802aF,15:57,,4180,0,0,4.5,31.5,1,0,7,0,30,96
39,10,OFF,2025-05-02,FRI,0,0,4,-2,10550,0900aF,15:59,,4800,0,0,6,31.5,1,2,6,0,30,96
39,10,OFF,2025-05-02,FRI,0,0,4,-2,10550,0901aF,16:01,,5170,0,0,6,31.5,0,0,6,0,30,96
39,10,OFF,2025-05-02,FRI,0,0,4,-2,10550,0902aF,16:02,,5570,0,0,6,31.5,0,0,6,0,30,96
39,10,OFF,2025-05-02,FRI,0,0,4,-2,10550,1100aF,16:03,,5890,0,0,6,31.5,1,1,6,0,30,96
39,10,OFF,2025-05-02,FRI,0,0,4,-2,10550,1101aF,16:07,,6360,0,0,6,31.5,4,4,6,0,30,96
39,10,OFF,2025-05-02,FRI,0,0,4,-2,10550,1200aF,16:09,,6850,0,0,6,31.5,3,0,9,0,30,96
39,10,OFF,2025-05-02,FRI,0,0,4,-2,10550,1201aF,16:11,,7280,0,0,6,31.5,0,2,7,0,30,96
39,10,OFF,2025-05-02,FRI,0,0,4,-2,10550,1202aF,16:12,,7590,0,0,6,31.5,0,0,7,0,30,96
39,10,OFF,2025-05-02,FRI,0,0,4,-2,10550,1203aF,16:14,,7980,0,0,6,31.5,0,0,7,0,30,96
39,10,OFF,2025-05-02,FRI,0,0,4,-2,10550,0802aB,16:15,,8420,0,0,4,31.5,0,0,7,0,30,96
39,10,OFF,2025-05-02,FRI,0,0,4,-2,10550,0801aB,16:17,,8820,0,0,4,31.5,0,0,7,0,30,96
39,10,OFF,2025-05-02,FRI,0,0,4,-2,10550,0800aB,16:19,,9300,0,0,4.5,31.5,0,0,7,0,30,96
39,10,OFF,2025-05-02,FRI,0,0,4,-2,10550,0700bU,16:22,,9700,0,0,4,31.5,0,0,7,0,30,96
39,10,OFF,2025-05-02,FRI,0,0,4,-2,10550,0602aB,16:25,,10100,0,0,2.5,31.5,0,1,6,0,30,96
39,10,OFF,2025-05-02,FRI,0,0,4,-2,10550,0601aB,16:27,,10550,0,1,4,31.5,0,6,0,0,30,96
40,2,OFF,2025-05-02,FRI,1,0,0,-1,15700,0601aB,16:33,,4180,0,0,2,12,7,0,11,1,27,96
40,2,OFF,2025-05-02,FRI,1,0,0,-1,15700,0600aB,16:34,,4490,0,0,3,12,1,1,11,1,27,96
40,2,OFF,2025-05-02,FRI,1,0,0,-1,15700,0200aF,16:36,,4830,0,0,3.5,12,9,5,15,1,27,96
40,2,OFF,2025-05-02,FRI,1,0,0,-1,15700,0400aF,16:38,,5330,0,0,6.5,12,1,0,16,1,27,96
40,2,OFF,2025-05-02,FRI,1,0,0,-1,15700,0401aF,16:39,,6020,0,0,6,12,3,2,17,1,27,96
40,2,OFF,2025-05-02,FRI,1,0,0,-1,15700,0402aF,16:40,,6430,0,0,6,12,2,0,19,1,27,96
40,2,OFF,2025-05-02,FRI,1,0,0,-1,15700,0403aF,16:41,,6750,0,0,6,12,0,3,16,1,27,96
40,2,OFF,2025-05-02,FRI,1,0,0,-1,15700,0404aF,16:42,74,7300,0,0,6.5,12,6,16,6,1,27,96
41,5,OFF,2025-06-12,THU,0,0,4,19,4290,0300aF,12:06,18,0,1,0,9,15.5,17,0,17,0,30,96
42,9,OFF,2025-06-12,THU,0,0,4,19,3040,0300aF,12:15,27,3050,1,0,7.5,33,17,0,17,1,27,96
42,9,OFF,2025-06-12,THU,0,0,4,19,3040,0301aF,12:17,,410,0,0,7.5,33,0,0,17,1,27,96
42,9,OFF,2025-06-12,THU,0,0,4,19,3040,0302aF,12:18,,870,0,0,7.5,33,0,2,15,1,27,96
42,9,OFF,2025-06-12,THU,0,0,4,19,3040,0303aF,12:21,,1150,0,0,8,33,0,0,15,1,27,96
42,9,OFF,2025-06-12,THU,0,0,4,19,3040,0200aB,12:23,,1430,0,0,2.5,33,3,3,15,1,27,96
42,9,OFF,2025-06-12,THU,0,0,4,19,3040,0103aB,12:25,,1930,0,0,5,33,0,3,12,1,27,96
42,9,OFF,2025-06-12,THU,0,0,4,19,3040,0102aB,12:26,,2280,0,0,5,33,0,0,12,1,27,96
42,9,OFF,2025-06-12,THU,0,0,4,19,3040,0101aB,12:28,,2710,0,0,5,33,0,0,12,1,27,96
42,9,OFF,2025-06-12,THU,0,0,4,19,3040,0100aB,12:29,,3050,0,1,5,33,0,12,0,1,27,96
43,3,OFF,2025-06-12,THU,0,0,5,19,12200,0100aF,12:31,,0,1,0,2,12,2,0,2,1,27,96
43,3,OFF,2025-06-12,THU,0,0,5,19,12200,0101aF,12:34,,360,0,0,1.5,12,5,0,7,1,27,96
43,3,OFF,2025-06-12,THU,0,0,5,19,12200,0102aF,12:35,,770,0,0,1.5,12,0,0,7,1,27,96
43,3,OFF,2025-06-12,THU,0,0,5,19,12200,0103aF,12:37,,1120,0,0,3.5,12,3,1,9,1,27,96
43,3,OFF,2025-06-12,THU,0,0,5,19,12200,0600aF,12:42,,1890,0,0,5.5,12,1,1,9,1,27,96
43,3,OFF,2025-06-12,THU,0,0,5,19,12200,0601aF,12:45,,2180,0,0,3,12,1,0,10,1,27,96
43,3,OFF,2025-06-12,THU,0,0,5,19,12200,0602aF,12:46,,2620,0,0,2.5,12,3,0,13,1,27,96
43,3,OFF,2025-06-12,THU,0,0,5,19,12200,0700aA,12:48,,3040,0,0,7.5,12,1,2,12,1,27,96
43,3,OFF,2025-06-12,THU,0,0,5,19,12200,0503aB,12:49,,3470,0,0,6,12,7,2,17,1,27,96
43,3,OFF,2025-06-12,THU,0,0,5,19,12200,0502aB,12:50,,3840,0,0,6,12,0,2,15,1,27,96
43,3,OFF,2025-06-12,THU,0,0,5,19,12200,0501aB,12:51,,4110,0,0,6,12,2,3,14,1,27,96
43,3,OFF,2025-06-12,THU,0,0,5,19,12200,0500aB,12:52,,4530,0,0,6,12,5,0,19,1,27,96
43,3,OFF,2025-06-12,THU,0,0,5,19,12200,0410aB,12:54,,5060,0,0,6,12,2,2,19,1,27,96
43,3,OFF,2025-06-12,THU,0,0,5,19,12200,0409aB,12:56,,5640,0,0,6,12,1,3,17,1,27,96
43,3,OFF,2025-06-12,THU,0,0,5,19,12200,0408aB,12:58,,6210,0,0,6,12,2,2,17,1,27,96
43,3,OFF,2025-06-12,THU,0,0,5,19,12200,0407aB,12:59,,6770,0,0,6,12,1,0,18,1,27,96
43,3,OFF,2025-06-12,THU,0,0,5,19,12200,0406aB,13:00,,7110,0,0,6,12,1,8,11,1,27,96
43,3,OFF,2025-06-12,THU,0,0,5,19,12200,0405aB,13:02,,7460,0,0,6,12,2,1,12,1,27,96
43,3,OFF,2025-06-12,THU,0,0,5,19,12200,0404aB,13:04,70,7960,0,0,6,12,17,5,24,1,27,96
44,10,OFF,2025-06-12,THU,0,0,5,20,12440,0300aF,13:49,27,0,1,0,9.5,31.5,8,0,8,0,32,103
44,10,OFF,2025-06-12,THU,0,0,5,20,12440,0301aF,13:51,,410,0,0,9.5,31.5,5,0,13,0,32,103
44,10,OFF,2025-06-12,THU,0,0,5,20,12440,0302aF,13:52,,870,0,0,9.5,31.5,6,1,18,0,32,103
44,10,OFF,2025-06-12,THU,0,0,5,20,12440,0303aF,13:54,,1150,0,0,9.5,31.5,2,4,16,0,32,103
44,10,OFF,2025-06-12,THU,0,0,5,20,12440,0200aB,13:56,,1430,0,0,4,31.5,4,6,14,0,32,103
44,10,OFF,2025-06-12,THU,0,0,5,20,12440,0600aF,13:59,,1750,0,0,5,31.5,4,1,17,0,32,103
44,10,OFF,2025-06-12,THU,0,0,5,20,12440,0601aF,14:01,,2050,0,0,5,31.5,3,0,20,0,32,103
44,10,OFF,2025-06-12,THU,0,0,5,20,12440,0602aF,14:03,,2480,0,0,5,31.5,3,4,19,0,32,103
44,10,OFF,2025-06-12,THU,0,0,5,20,12440,0700bU,14:05,,9700,0,0,6,30,3,3,19,0,32,103
44,10,OFF,2025-06-12,THU,0,0,5,20,12440,0800aF,14:06,,3250,0,0,4,31.5,2,2,19,0,32,103
44,10,OFF,2025-06-12,THU,0,0,5,20,12440,0801aF,14:07,,3540,0,0,4,31.5,0,5,14,0,32,103
44,10,OFF,2025-06-12,THU,0,0,5,20,12440,0802aF,14:09,,4180,0,0,4.5,31.5,0,1,13,0,32,103
44,10,OFF,2025-06-12,THU,0,0,5,20,12440,0900aF,14:11,,4800,0,0,6,31.5,5,4,14,0,32,103
44,10,OFF,2025-06-12,THU,0,0,5,20,12440,0901aF,14:13,,5170,0,0,6,31.5,5,3,16,0,32,103
44,10,OFF,2025-06-12,THU,0,0,5,20,12440,0902aF,14:14,,5570,0,0,6,31.5,0,2,14,0,32,103
44,10,OFF,2025-06-12,THU,0,0,5,20,12440,1100aF,14:16,,5890,0,0,6,31.5,0,3,11,0,32,103
44,10,OFF,2025-06-12,THU,0,0,5,20,12440,1101aF,14:20,,6360,0,0,6,31.5,5,11,5,0,32,103
45,4,OFF,2025-06-12,THU,0,0,4,20,15700,1101aB,14:29,,0,1,0,12,12,7,0,7,0,32,103
45,4,OFF,2025-06-12,THU,0,0,4,20,15700,1100aB,14:30,,437,0,0,12,12,1,1,7,0,32,103
45,4,OFF,2025-06-12,THU,0,0,4,20,15700,0902aB,14:32,,781,0,0,12,12,2,2,7,0,32,103
45,4,OFF,2025-06-12,THU,0,0,4,20,15700,0901aB,14:33,,1140,0,0,12,12,3,0,10,0,32,103
45,4,OFF,2025-06-12,THU,0,0,4,20,15700,0900aB,14:34,,1540,0,0,12,12,2,3,9,0,32,103
45,4,OFF,2025-06-12,THU,0,0,4,20,15700,0802aB,14:37,,2140,0,0,5,12,2,0,11,0,32,103
45,4,OFF,2025-06-12,THU,0,0,4,20,15700,0801aB,14:39,,2790,0,0,4.5,12,1,0,12,0,32,103
45,4,OFF,2025-06-12,THU,0,0,4,20,15700,0800aB,14:40,,3060,0,0,4.5,12,3,0,15,0,32,103
45,4,OFF,2025-06-12,THU,0,0,4,20,15700,0700bU,14:41,,3430,0,0,4.5,12,0,2,13,0,32,103
45,4,OFF,2025-06-12,THU,0,0,4,20,15700,0503aB,14:44,,3950,0,0,2.5,12,3,1,15,0,32,103
45,4,OFF,2025-06-12,THU,0,0,4,20,15700,0502aB,14:45,,4320,0,0,2.5,12,4,0,19,0,32,103
45,4,OFF,2025-06-12,THU,0,0,4,20,15700,0501aB,14:46,,4590,0,0,3,12,1,2,18,0,32,103
45,4,OFF,2025-06-12,THU,0,0,4,20,15700,0500aB,14:47,,5010,0,0,3,12,1,1,18,0,32,103
45,4,OFF,2025-06-12,THU,0,0,4,20,15700,0410aB,14:49,,5540,0,0,3,12,3,3,18,0,32,103
45,4,OFF,2025-06-12,THU,0,0,4,20,15700,0409aB,14:51,,6120,0,0,3,12,1,1,18,0,32,103
45,4,OFF,2025-06-12,THU,0,0,4,20,15700,0408aB,14:53,,6690,0,0,3.5,12,1,0,19,0,32,103
45,4,OFF,2025-06-12,THU,0,0,4,20,15700,0407aB,14:54,,7250,0,0,3.5,12,0,0,19,0,32,103
45,4,OFF,2025-06-12,THU,0,0,4,20,15700,0406aB,14:56,,7590,0,0,3.5,12,0,4,15,0,32,103
45,4,OFF,2025-06-12,THU,0,0,4,20,15700,0405aB,14:58,,7930,0,0,3.5,12,1,3,13,0,32,103
45,4,OFF,2025-06-12,THU,0,0,4,20,15700,0404aB,15:01,56,8470,0,0,3.5,12,13,7,19,0,32,103
45,4,OFF,2025-06-12,THU,0,0,4,20,15700,0403aB,15:03,,9030,0,0,4,12,7,4,22,0,32,103
45,4,OFF,2025-06-12,THU,0,0,4,20,15700,0402aB,15:04,,9370,0,0,3.5,12,4,2,24,0,32,103
45,4,OFF,2025-06-12,THU,0,0,4,20,15700,0401aB,15:06,,9770,0,0,4,12,0,5,19,0,32,103
45,4,OFF,2025-06-12,THU,0,0,4,20,15700,0400aB,15:08,,10500,0,0,4,12,6,1,24,0,32,103
45,4,OFF,2025-06-12,THU,0,0,4,20,15700,0200aB,15:10,,11000,0,0,3.5,12,5,7,22,0,32,103
46,9,OFF,2025-06-12,THU,0,0,4,20,3040,0103aB,15:15,,1930,0,0,2,36.5,6,1,16,1,27,96
46,9,OFF,2025-06-12,THU,0,0,4,20,3040,0102aB,15:17,,2280,0,0,2,36.5,0,0,16,1,27,96
46,9,OFF,2025-06-12,THU,0,0,4,20,3040,0101aB,15:19,,2710,0,0,2,36.5,0,8,8,1,27,96
46,9,OFF,2025-06-12,THU,0,0,4,20,3040,0100aB,15:20,,3050,0,1,2,36.5,0,8,0,1,27,96
47,7,OFF,2025-06-12,THU,0,0,3,20,7100,0100aF,15:29,,0,1,0,3.5,33.5,2,0,2,1,27,96
47,7,OFF,2025-06-12,THU,0,0,3,20,7100,0101aF,15:31,,360,0,0,4,33.5,16,0,18,1,27,96
47,7,OFF,2025-06-12,THU,0,0,3,20,7100,0102aF,15:33,,770,0,0,4,33.5,0,0,18,1,27,96
47,7,OFF,2025-06-12,THU,0,0,3,20,7100,0103aF,15:34,,1120,0,0,1.5,33.5,0,3,15,1,27,96
47,7,OFF,2025-06-12,THU,0,0,3,20,7100,0600aF,15:38,,1890,0,0,1,33.5,0,0,15,1,27,96
47,7,OFF,2025-06-12,THU,0,0,3,20,7100,0601aF,15:41,,2180,0,0,3.5,33.5,2,0,17,1,27,96
47,7,OFF,2025-06-12,THU,0,0,3,20,7100,0602aF,15:42,,2620,0,0,1,33.5,0,4,13,1,27,96
47,7,OFF,2025-06-12,THU,0,0,3,20,7100,0700bD,15:44,,3070,0,0,1.5,33.5,3,1,15,1,27,96
47,7,OFF,2025-06-12,THU,0,0,3,20,7100,0800aF,15:46,,3390,0,0,2,33.5,0,3,12,1,27,96
47,7,OFF,2025-06-12,THU,0,0,3,20,7100,0801aF,15:47,,3670,0,0,2,33.5,0,0,12,1,27,96
47,7,OFF,2025-06-12,THU,0,0,3,20,7100,0802aF,15:49,,4320,0,0,1.5,33.5,0,0,12,1,27,96
47,7,OFF,2025-06-12,THU,0,0,3,20,7100,0900aF,15:51,,4940,0,0,6,33.5,8,4,16,1,27,96
47,7,OFF,2025-06-12,THU,0,0,3,20,7100,0901aF,15:53,,5310,0,0,6,33.5,0,6,10,1,27,96
47,7,OFF,2025-06-12,THU,0,0,3,20,7100,0902aF,15:54,,5710,0,0,6,33.5,3,7,6,1,27,96
47,7,OFF,2025-06-12,THU,0,0,3,20,7100,1000aF,15:57,,6340,0,0,33.5,33.5,0,0,6,1,27,96
47,7,OFF,2025-06-12,THU,0,0,3,20,7100,1001aF,16:00,,7110,0,1,33.5,33.5,0,6,0,1,27,96
48,7,OFF,2025-06-12,THU,0,0,4,20,7100,1001aB,16:03,,0,1,0,32.5,32.5,3,0,3,1,27,96
48,7,OFF,2025-06-12,THU,0,0,4,20,7100,1000aB,16:05,,700,0,0,32.5,32.5,0,0,3,1,27,96
48,7,OFF,2025-06-12,THU,0,0,4,20,7100,0902aB,16:07,,1350,0,0,6,32.5,0,0,3,1,27,96
48,7,OFF,2025-06-12,THU,0,0,4,20,7100,0901aB,16:09,,1710,0,0,6,32.5,0,0,3,1,27,96
48,7,OFF,2025-06-12,THU,0,0,4,20,7100,0900aB,16:10,,2130,0,0,6,32.5,5,1,7,1,27,96
48,7,OFF,2025-06-12,THU,0,0,4,20,7100,0802aB,16:12,,2710,0,0,2,32.5,1,1,7,1,27,96
48,7,OFF,2025-06-12,THU,0,0,4,20,7100,0801aB,16:15,,3400,0,0,2,32.5,0,1,6,1,27,96
48,7,OFF,2025-06-12,THU,0,0,4,20,7100,0800aB,16:16,,3630,0,0,4.5,68.5,4,2,8,1,27,96
48,7,OFF,2025-06-12,THU,0,0,4,20,7100,0700bU,16:17,,4000,0,0,4.5,68.5,1,1,8,1,27,96
48,7,OFF,2025-06-12,THU,0,0,4,20,7100,0602aB,16:20,,4450,0,0,2,32.5,0,3,5,1,27,96
48,7,OFF,2025-06-12,THU,0,0,4,20,7100,0601aB,16:22,,4840,0,0,2.5,32.5,1,0,6,1,27,96
49,10,OFF,2025-06-12,THU,0,0,3,19,12440,0300aF,16:58,8,0,1,0,14,37,23,0,23,0,32,103
49,10,OFF,2025-06-12,THU,0,0,3,19,12440,0301aF,17:00,,410,0,0,14,37,2,0,25,0,32,103
50,5,OFF,2025-06-12,THU,0,0,4,19,4290,0300aF,17:09,19,0,1,0,19,27.5,7,0,7,0,30,96
51,5,WDS,2026-02-16,MON,2,0,7,-22,4290,0300aF,15:26,5,0,1,0,5,27,60,0,60,0,32,103
52,9,WDS,2026-02-16,MON,2,0,7,-22,3040,0300aF,15:44,25,3050,1,0,11,35.5,36,0,36,1,27,96
52,9,WDS,2026-02-16,MON,2,0,7,-22,3040,0301aF,15:46,,410,0,0,11,35.5,0,8,28,1,27,96
52,9,WDS,2026-02-16,MON,2,0,7,-22,3040,0302aF,15:48,,870,0,0,11,35.5,1,1,28,1,27,96
52,9,WDS,2026-02-16,MON,2,0,7,-22,3040,0303aF,15:49,,1150,0,0,11.5,35.5,1,0,29,1,27,96
52,9,WDS,2026-02-16,MON,2,0,7,-22,3040,0200aB,15:52,,1430,0,0,4.5,35.5,2,19,12,1,27,96
52,9,WDS,2026-02-16,MON,2,0,7,-22,3040,0103aB,15:54,,1930,0,0,3,35.5,4,9,7,1,27,96
52,9,WDS,2026-02-16,MON,2,0,7,-22,3040,0102aB,15:55,,2280,0,0,3,35.5,1,0,8,1,27,96
52,9,WDS,2026-02-16,MON,2,0,7,-22,3040,0101aB,15:57,,2710,0,0,3,35.5,1,4,5,1,27,96
52,9,WDS,2026-02-16,MON,2,0,7,-22,3040,0100aB,15:59,,3050,0,1,3.5,35.5,0,5,0,1,27,96
53,9,WDS,2026-02-16,MON,2,0,7,-22,3040,0100aF,16:01,,,1,0,3,34.5,2,0,2,1,27,96
54,1,WDS,2026-02-16,MON,2,0,7,-22,12200,0100aB,16:06,,12100,0,1,6,11.5,0,6,0,1,27,96
55,9,WDS,2026-02-16,MON,2,0,7,-22,3040,0100aB,16:07,,3050,0,1,3.5,35.5,0,3,0,1,27,96
56,1,WDS,2026-02-16,MON,2,0,7,-22,12200,0100aF,16:08,,0,1,0,6,11,1,0,1,1,27,96
57,3,WDS,2026-02-16,MON,2,0,7,-22,12200,0100aF,16:11,,0,1,0,5,12,4,0,4,1,27,96
58,3,WDS,2026-02-16,MON,2,0,7,-22,12200,0100aB,16:13,,12200,0,1,4.5,12,0,8,0,1,33,94
59,3,WDS,2026-02-16,MON,2,0,7,-22,12200,0100aF,16:14,,0,1,0,5,12,6,0,6,0,32,103
59,3,WDS,2026-02-16,MON,2,0,7,-22,12200,0101aF,16:16,,360,0,0,4.5,12,9,1,14,0,32,103
59,3,WDS,2026-02-16,MON,2,0,7,-22,12200,0102aF,16:17,,770,0,0,4.5,12,0,0,14,0,32,103
59,3,WDS,2026-02-16,MON,2,0,7,-22,12200,0103aF,16:18,,1120,0,0,5,12,8,3,19,0,32,103
59,3,WDS,2026-02-16,MON,2,0,7,-22,12200,0600aF,16:22,,1890,0,0,7.5,12,2,6,15,0,32,103
59,3,WDS,2026-02-16,MON,2,0,7,-22,12200,0601aF,16:24,,2180,0,0,7.5,12,4,0,19,0,32,103
59,3,WDS,2026-02-16,MON,2,0,7,-22,12200,0602aF,16:25,,2620,0,0,7,12,5,3,21,0,32,103
59,3,WDS,2026-02-16,MON,2,0,7,-22,12200,0700aA,16:28,,3040,0,0,7,12,0,10,11,0,32,103
59,3,WDS,2026-02-16,MON,2,0,7,-22,12200,0503aB,16:30,,3470,0,0,6.5,12,1,1,11,0,32,103
59,3,WDS,2026-02-16,MON,2,0,7,-22,12200,0502aB,16:32,,3840,0,0,6,12,4,4,11,0,32,103
59,3,WDS,2026-02-16,MON,2,0,7,-22,12200,0501aB,16:33,,4110,0,0,6.5,12,4,0,15,0,32,103
59,3,WDS,2026-02-16,MON,2,0,7,-22,12200,0500aB,16:35,,4530,0,0,12,12,4,3,16,0,32,103
59,3,WDS,2026-02-16,MON,2,0,7,-22,12200,0410aB,16:37,,5060,0,0,12,12,1,0,17,0,32,103
59,3,WDS,2026-02-16,MON,2,0,7,-22,12200,0409aB,16:40,,5640,0,0,12,12,9,7,19,0,32,103
59,3,WDS,2026-02-16,MON,2,0,7,-22,12200,0408aB,16:41,,6210,0,0,6,12,3,1,21,0,32,103
59,3,WDS,2026-02-16,MON,2,0,7,-22,12200,0407aB,16:43,,6770,0,0,6,12,2,1,22,0,32,103
59,3,WDS,2026-02-16,MON,2,0,7,-22,12200,0406aB,16:45,,7110,0,0,6,12,1,0,23,0,32,103
59,3,WDS,2026-02-16,MON,2,0,7,-22,12200,0405aB,16:46,,7460,0,0,6,12,0,2,21,0,32,103
59,3,WDS,2026-02-16,MON,2,0,7,-22,12200,0404aB,16:49,81,7960,0,0,6,12,1,11,11,0,32,103
60,4,WDS,2026-02-16,MON,2,0,7,-22,15700,0404aB,16:50,85,8470,0,0,6,12,4,4,12,0,32,103
61,9,WDS,2026-04-16,THU,1,0,2,11,3040,0300aF,15:25,3,3050,1,0,10,33.5,39,0,39,1,27,96
62,5,WDS,2026-04-16,THU,1,0,2,11,4290,0300aF,15:31,10,0,1,0,5,27,35,0,35,1,27,96
63,10,WDS,2026-04-16,THU,1,0,2,11,12440,0300aF,15:36,14,0,1,0,12,33,27,0,27,1,27,96
63,10,WDS,2026-04-16,THU,1,0,2,11,12440,0301aF,15:39,,410,0,0,12,33,5,0,32,1,27,96
63,10,WDS,2026-04-16,THU,1,0,2,11,12440,0302aF,15:40,,870,0,0,12,33,3,0,35,1,27,96
63,10,WDS,2026-04-16,THU,1,0,2,11,12440,0303aF,15:41,,1150,0,0,12,33,0,0,35,1,27,96
63,10,WDS,2026-04-16,THU,1,0,2,11,12440,0200aB,15:46,,1430,0,0,5,33,2,2,35,1,27,96
63,10,WDS,2026-04-16,THU,1,0,2,11,12440,0600aF,15:48,,1750,0,0,5.5,33,0,2,33,1,27,96
63,10,WDS,2026-04-16,THU,1,0,2,11,12440,0601aF,15:50,,2050,0,0,5.5,33,0,2,31,1,27,96
63,10,WDS,2026-04-16,THU,1,0,2,11,12440,0602aF,15:51,,2480,0,0,6,33,6,4,33,1,27,96
63,10,WDS,2026-04-16,THU,1,0,2,11,12440,0700bU,15:53,,9700,0,0,5.5,44,1,6,28,1,27,96
63,10,WDS,2026-04-16,THU,1,0,2,11,12440,0800aF,15:55,,3250,0,0,5.5,33,0,5,23,1,27,96
63,10,WDS,2026-04-16,THU,1,0,2,11,12440,0801aF,15:56,,3540,0,0,5.5,33,2,1,24,1,27,96
63,10,WDS,2026-04-16,THU,1,0,2,11,12440,0802aF,15:58,,4180,0,0,5,33,2,0,26,1,27,96
63,10,WDS,2026-04-16,THU,1,0,2,11,12440,0900aF,16:00,,4800,0,0,6,33,2,9,19,1,27,96
63,10,WDS,2026-04-16,THU,1,0,2,11,12440,0901aF,16:02,,5170,0,0,6,33,0,4,15,1,27,96
63,10,WDS,2026-04-16,THU,1,0,2,11,12440,0902aF,16:03,,5570,0,0,6,33,1,1,15,1,27,96
64,7,WDS,2026-04-16,THU,1,0,2,11,7100,0902aB,16:05,,1350,0,0,6,37,1,1,13,1,27,96
64,7,WDS,2026-04-16,THU,1,0,2,11,7100,0901aB,16:06,,1710,0,0,6,37,5,0,18,1,27,96
64,7,WDS,2026-04-16,THU,1,0,2,11,7100,0900aB,16:08,,2130,0,0,6,37,3,4,17,1,27,96
64,7,WDS,2026-04-16,THU,1,0,2,11,7100,0802aB,16:10,,2710,0,0,5.5,37,1,0,18,1,27,96
64,7,WDS,2026-04-16,THU,1,0,2,11,7100,0800aB,16:12,,3630,0,0,5,37,3,4,18,1,27,96
64,7,WDS,2026-04-16,THU,1,0,2,11,7100,0801aB,16:12,,3400,0,0,5.5,37,1,0,19,1,27,96
64,7,WDS,2026-04-16,THU,1,0,2,11,7100,0700bU,16:15,,4000,0,0,5.5,37,3,2,19,1,27,96
64,7,WDS,2026-04-16,THU,1,0,2,11,7100,0602aB,16:17,,4450,0,0,4,37,1,4,16,1,27,96
64,7,WDS,2026-04-16,THU,1,0,2,11,7100,0601aB,16:21,,4840,0,0,4,37,1,1,16,1,27,96
64,7,WDS,2026-04-16,THU,1,0,2,11,7100,0600aB,16:22,,5150,0,0,4.5,37,0,5,11,1,27,96
64,7,WDS,2026-04-16,THU,1,0,2,11,7100,0103aB,16:26,,5900,0,0,2.5,37,1,2,10,1,27,96
64,7,WDS,2026-04-16,THU,1,0,2,11,7100,0102aB,16:27,,6250,0,0,2.5,37,0,0,10,1,27,96
64,7,WDS,2026-04-16,THU,1,0,2,11,7100,0101aB,16:28,,6680,0,0,2.5,37,0,7,3,1,27,96
64,7,WDS,2026-04-16,THU,1,0,2,11,7100,0100aB,16:29,,7020,0,1,3,37,0,3,0,1,27,96
65,3,WDS,2026-04-16,THU,1,0,2,11,12200,0100aB,16:35,,12200,0,1,5.5,12,0,6,0,0,30,96
66,7,WDS,2026-04-16,THU,1,0,2,11,7100,0100aF,16:36,,0,1,0,5.5,36,10,0,10,1,27,96
67,9,WDS,2026-04-16,THU,1,0,2,11,3040,0103aB,17:24,,1930,0,0,3.5,,2,1,3,1,27,96
67,9,WDS,2026-04-16,THU,1,0,2,11,3040,0102aB,17:25,,2280,0,0,3.5,,0,1,2,1,27,96
67,9,WDS,2026-04-16,THU,1,0,2,11,3040,0101aB,17:28,,2710,0,0,3.5,,0,2,0,1,27,96
67,9,WDS,2026-04-16,THU,1,0,2,11,3040,0100aB,17:29,,3050,0,1,3,,0,0,0,1,27,96
68,3,WDS,2026-04-16,THU,0,0,2,10,12200,0100aF,17:31,,0,1,0,2.5,12,5,0,5,0,30,96
69,9,WDS,2026-04-16,THU,0,0,2,10,3040,0100aF,17:35,,,1,0,2,,1,0,1,1,27,96
70,7,WDS,2026-04-16,THU,0,0,2,10,7100,0100aF,17:38,,0,1,0,3.5,35,2,0,2,1,27,96
70,7,WDS,2026-04-16,THU,0,0,2,10,7100,0101aF,17:40,,360,0,0,4,35,12,0,14,1,27,96
70,7,WDS,2026-04-16,THU,0,0,2,10,7100,0102aF,17:42,,770,0,0,4,35,1,0,15,1,27,96
70,7,WDS,2026-04-16,THU,0,0,2,10,7100,0103aF,17:43,,1120,0,0,4,35,8,0,23,1,27,96
70,7,WDS,2026-04-16,THU,0,0,2,10,7100,0600aF,17:48,,1890,0,0,5,35,2,3,22,1,27,96
70,7,WDS,2026-04-16,THU,0,0,2,10,7100,0601aF,17:50,,2180,0,0,5,35,2,4,20,1,27,96
70,7,WDS,2026-04-16,THU,0,0,2,10,7100,0602aF,17:52,,2620,0,0,4.5,35,2,3,19,1,27,96
70,7,WDS,2026-04-16,THU,0,0,2,10,7100,0700bD,17:56,,3070,0,0,5,35,0,4,15,1,27,96
70,7,WDS,2026-04-16,THU,0,0,2,10,7100,0800aF,17:57,,3390,0,0,5.5,35,0,2,13,1,27,96
70,7,WDS,2026-04-16,THU,0,0,2,10,7100,0801aF,17:58,,3670,0,0,5.5,35,0,2,11,1,27,96
70,7,WDS,2026-04-16,THU,0,0,2,10,7100,0802aF,18:00,,4320,0,0,5,35,0,0,11,1,27,96
70,7,WDS,2026-04-16,THU,0,0,2,10,7100,0900aF,18:02,,4940,0,0,6,35,1,2,10,1,27,96
70,7,WDS,2026-04-16,THU,0,0,2,10,7100,0901aF,18:03,,5310,0,0,6,35,0,2,8,1,27,96
70,7,WDS,2026-04-16,THU,0,0,2,10,7100,0902aF,18:04,,5710,0,0,6,35,0,4,4,1,27,96
70,7,WDS,2026-04-16,THU,0,0,2,10,7100,1000aF,18:06,,6340,0,0,35,35,0,0,4,1,27,96
70,7,WDS,2026-04-16,THU,0,0,2,10,7100,1001aF,18:08,,7110,0,1,35,35,0,4,0,1,27,96
71,7,WDS,2026-04-16,THU,0,0,2,10,7100,1001aB,18:10,,0,1,0,33.5,33.5,5,0,5,1,27,96
71,7,WDS,2026-04-16,THU,0,0,2,10,7100,1000aB,18:12,,700,0,0,33.5,33.5,0,0,5,1,27,96
71,7,WDS,2026-04-16,THU,0,0,2,10,7100,0902aB,18:14,,1350,0,0,6,33.5,0,2,3,1,27,96
71,7,WDS,2026-04-16,THU,0,0,2,10,7100,0901aB,18:16,,1710,0,0,6,33.5,1,1,3,1,27,96
71,7,WDS,2026-04-16,THU,0,0,2,10,7100,0900aB,18:17,,2130,0,0,6,33.5,1,0,4,1,27,96
71,7,WDS,2026-04-16,THU,0,0,2,10,7100,0802aB,18:19,,2710,0,0,5,33.5,1,0,5,1,27,96
72,4,WDS,2026-04-16,THU,0,0,2,11,15700,0802aF,18:22,,13800,0,0,6,12,0,0,24,0,30,96
72,4,WDS,2026-04-16,THU,0,0,2,11,15700,1203aB,18:24,,14200,0,0,12,12,0,7,17,0,30,96
72,4,WDS,2026-04-16,THU,0,0,2,11,15700,1202aB,18:25,,14600,0,0,12,12,1,4,14,0,30,96
72,4,WDS,2026-04-16,THU,0,0,2,11,15700,1201aB,18:27,,14900,0,0,12,12,1,2,13,0,30,96
72,4,WDS,2026-04-16,THU,0,0,2,11,15700,1200aB,18:28,,15300,0,0,12,12,1,5,9,0,30,96
72,4,WDS,2026-04-16,THU,0,0,2,11,15700,1101aB,18:30,,0,0,1,12,12,0,9,0,0,30,96
73,4,WDS,2026-04-16,THU,0,0,2,11,15700,1101aB,18:33,,0,1,0,12,12,11,0,11,0,30,96
73,4,WDS,2026-04-16,THU,0,0,2,11,15700,1100aB,18:34,,437,0,0,12,12,4,2,13,0,30,96
73,4,WDS,2026-04-16,THU,0,0,2,11,15700,0902aB,18:35,,781,0,0,12,12,1,0,14,0,30,96
73,4,WDS,2026-04-16,THU,0,0,2,11,15700,0901aB,18:37,,1140,0,0,12,12,0,3,11,0,30,96
73,4,WDS,2026-04-16,THU,0,0,2,11,15700,0900aB,18:38,,1540,0,0,12,12,1,2,10,0,30,96
73,4,WDS,2026-04-16,THU,0,0,2,11,15700,0802aB,18:40,,2140,0,0,6,12,3,0,13,0,30,96
73,4,WDS,2026-04-16,THU,0,0,2,11,15700,0801aB,18:42,,2790,0,0,6,12,2,0,15,0,30,96
73,4,WDS,2026-04-16,THU,0,0,2,11,15700,0800aB,18:45,,3060,0,0,6,12,1,0,16,0,30,96
73,4,WDS,2026-04-16,THU,0,0,2,11,15700,0700bU,18:46,,3430,0,0,6,12,2,5,13,0,30,96
73,4,WDS,2026-04-16,THU,0,0,2,11,15700,0503aB,18:48,,3950,0,0,9.5,12,6,3,16,0,30,96
73,4,WDS,2026-04-16,THU,0,0,2,11,15700,0502aB,18:49,,4320,0,0,3.5,12,5,2,19,0,30,96
74,4,WDS,2026-04-16,THU,0,0,2,10,15700,0502aB,18:56,,3840,0,0,6,12,2,2,9,1,27,96
74,4,WDS,2026-04-16,THU,0,0,2,10,15700,0501aB,18:57,,4110,0,0,9,12,1,2,8,1,27,96
74,4,WDS,2026-04-16,THU,0,0,2,10,15700,0500aB,18:58,,4530,0,0,8.5,12,3,0,11,1,27,96
74,4,WDS,2026-04-16,THU,0,0,2,10,15700,0410aB,19:01,,5060,0,0,9,12,4,2,13,1,27,96
74,4,WDS,2026-04-16,THU,0,0,2,10,15700,0409aB,19:03,,5640,0,0,9,12,5,2,16,1,27,96
74,4,WDS,2026-04-16,THU,0,0,2,10,15700,0408aB,19:04,,6210,0,0,3.5,12,1,0,17,1,27,96
74,4,WDS,2026-04-16,THU,0,0,2,10,15700,0407aB,19:06,,6770,0,0,3.5,12,1,0,18,1,27,96
74,4,WDS,2026-04-16,THU,0,0,2,10,15700,0406aB,19:08,,7110,0,0,3.5,12,0,4,14,1,27,96
75,4,WDS,2026-04-16,THU,0,0,2,11,15700,0406aB,19:15,,7590,0,0,3.5,12,0,5,15,1,27,96
75,4,WDS,2026-04-16,THU,0,0,2,11,15700,0405aB,19:17,,7930,0,0,3.5,12,0,3,12,1,27,96
75,4,WDS,2026-04-16,THU,0,0,2,11,15700,0404aB,19:18,10,8470,0,0,3.5,12,8,8,12,1,27,96
75,4,WDS,2026-04-16,THU,0,0,2,11,15700,0403aB,19:21,,9030,0,0,4,12,12,0,24,1,27,96
75,4,WDS,2026-04-16,THU,0,0,2,11,15700,0402aB,19:22,,9370,0,0,3.5,12,3,2,25,1,27,96
75,4,WDS,2026-04-16,THU,0,0,2,11,15700,0401aB,19:24,,9770,0,0,4,12,3,0,28,1,27,96
75,4,WDS,2026-04-16,THU,0,0,2,11,15700,0400aB,19:26,,10500,0,0,4,12,1,4,25,1,27,96
75,4,WDS,2026-04-16,THU,0,0,2,11,15700,0200aB,19:28,,11000,0,0,2,12,1,8,18,1,27,96
